Instance,firstObjective,finalObjective,time(s)
B-n31-k5-r8_1_2_0.5,188.651,178.95,0.93
B-n31-k5-r8_1_2_1.00,178.95,178.95,0.70
B-n31-k5-r8_1_2_2.00,237.03,178.95,0.75
B-n31-k5-r8_2_2_0.50,237.75,178.95,0.74
B-n31-k5-r8_2_2_1.00,221.49,178.95,0.74
B-n31-k5-r8_2_2_2.00,265.25,178.95,0.74
B-n31-k5-r8_3_2_0.50,221.42,178.95,0.73
B-n31-k5-r8_3_2_1.00,221.87,178.95,0.71
B-n31-k5-r8_3_2_2.00,233.29,178.95,0.75
B-n31-k5-r8_1_3_0.50,232.25,178.95,0.71
B-n31-k5-r8_1_3_1.00,230.35,178.95,0.71
B-n31-k5-r8_1_3_2.00,228.22,178.95,0.68
B-n31-k5-r8_2_3_0.50,232.14,178.95,0.69
B-n31-k5-r8_2_3_1.00,189.58,178.95,0.72
B-n31-k5-r8_2_3_2.00,221.37,178.95,0.66
B-n31-k5-r8_3_3_0.50,225.80,178.95,0.71
B-n31-k5-r8_3_3_1.00,178.95,178.95,0.66
B-n31-k5-r8_3_3_2.00,189.58,178.95,0.73
B-n31-k5-r8_1_4_0.50,224.63,178.95,0.72
B-n31-k5-r8_1_4_1.00,184.44,178.95,0.69
B-n31-k5-r8_1_4_2.00,221.58,178.95,0.72
B-n31-k5-r8_2_4_0.50,189.14,178.95,0.68
B-n31-k5-r8_2_4_1.00,178.95,178.95,0.64
B-n31-k5-r8_2_4_2.00,226.37,178.95,0.70
B-n31-k5-r8_3_4_0.50,219.92,178.95,0.71
B-n31-k5-r8_3_4_1.00,230.71,178.95,0.64
B-n31-k5-r8_3_4_2.00,189.58,178.95,0.64
B-n31-k5-r8_1_5_0.50,223.61,178.95,0.79
B-n31-k5-r8_1_5_1.00,236.61,178.95,0.73
B-n31-k5-r8_1_5_2.00,229.88,178.95,0.65
B-n31-k5-r8_2_5_0.50,218.03,178.95,0.70
B-n31-k5-r8_2_5_1.00,188.08,178.95,0.65
B-n31-k5-r8_2_5_2.00,215.69,178.95,0.74
B-n31-k5-r8_3_5_0.50,211.19,178.95,0.71
B-n31-k5-r8_3_5_1.00,189.59,178.95,0.81
B-n31-k5-r8_3_5_2.00,184.44,178.95,0.76
B-n31-k5-r12_1_2_0.50,253.81,189.58,0.74
B-n31-k5-r12_1_2_1.00,229.06,189.58,0.86
B-n31-k5-r12_1_2_2.00,189.58,189.58,0.91
B-n31-k5-r12_2_2_0.50,255.14,189.58,0.83
B-n31-k5-r12_2_2_1.00,231.37,189.58,0.78
B-n31-k5-r12_2_2_2.00,239.09,189.58,0.84
B-n31-k5-r12_3_2_0.50,245.39,189.58,0.78
B-n31-k5-r12_3_2_1.00,254.50,189.58,0.82
B-n31-k5-r12_3_2_2.00,189.58,189.58,0.72
B-n31-k5-r12_1_3_0.50,231.16,189.58,0.67
B-n31-k5-r12_1_3_1.00,189.58,189.58,0.71
B-n31-k5-r12_1_3_2.00,189.58,189.58,0.75
B-n31-k5-r12_2_3_0.50,188.17,188.17,0.78
B-n31-k5-r12_2_3_1.00,189.58,189.58,0.68
B-n31-k5-r12_2_3_2.00,216.49,189.58,0.72
B-n31-k5-r12_3_3_0.50,189.58,189.58,0.67
B-n31-k5-r12_3_3_1.00,237.60,189.58,0.70
B-n31-k5-r12_3_3_2.00,226.71,189.58,0.69
B-n31-k5-r12_1_4_0.50,189.58,189.58,0.69
B-n31-k5-r12_1_4_1.00,224.98,189.58,0.68
B-n31-k5-r12_1_4_2.00,235.62,188.17,0.84
B-n31-k5-r12_2_4_0.50,188.17,188.17,0.83
B-n31-k5-r12_2_4_1.00,189.58,189.58,0.66
B-n31-k5-r12_2_4_2.00,189.58,188.17,0.87
B-n31-k5-r12_3_4_0.50,189.58,188.17,0.86
B-n31-k5-r12_3_4_1.00,189.58,189.58,0.69
B-n31-k5-r12_3_4_2.00,189.58,189.58,0.70
B-n31-k5-r12_1_5_0.50,188.34,188.17,0.71
B-n31-k5-r12_1_5_1.00,231.84,189.58,0.70
B-n31-k5-r12_1_5_2.00,226.43,188.17,0.88
B-n31-k5-r12_2_5_0.50,189.58,188.17,1.20
B-n31-k5-r12_2_5_1.00,189.58,188.17,0.88
B-n31-k5-r12_2_5_2.00,234.50,188.04,1.39
B-n31-k5-r12_3_5_0.50,229.88,189.58,0.68
B-n31-k5-r12_3_5_1.00,189.58,188.04,1.10
B-n31-k5-r12_3_5_2.00,189.58,188.17,0.76
B-n31-k5-r16_1_2_0.50,230.74,176.39,1.05
B-n31-k5-r16_1_2_1.00,240.52,176.39,1.02
B-n31-k5-r16_1_2_2.00,235.88,176.39,1.09
B-n31-k5-r16_2_2_0.50,254.80,176.39,0.84
B-n31-k5-r16_2_2_1.00,189.24,176.39,1.22
B-n31-k5-r16_2_2_2.00,189.31,176.39,1.01
B-n31-k5-r16_3_2_0.50,238.82,176.39,1.27
B-n31-k5-r16_3_2_1.00,236.83,176.39,0.78
B-n31-k5-r16_3_2_2.00,224.54,176.39,1.41
B-n31-k5-r16_1_3_0.50,242.89,176.39,1.24
B-n31-k5-r16_1_3_1.00,187.71,176.39,0.95
B-n31-k5-r16_1_3_2.00,236.28,176.39,0.79
B-n31-k5-r16_2_3_0.50,241.58,176.39,0.80
B-n31-k5-r16_2_3_1.00,176.39,176.39,0.76
B-n31-k5-r16_2_3_2.00,219.92,176.39,1.53
B-n31-k5-r16_3_3_0.50,176.39,176.39,1.15
B-n31-k5-r16_3_3_1.00,229.67,176.39,0.87
B-n31-k5-r16_3_3_2.00,176.39,176.39,0.74
B-n31-k5-r16_1_4_0.50,187.71,176.39,0.85
B-n31-k5-r16_1_4_1.00,189.58,176.39,0.80
B-n31-k5-r16_1_4_2.00,189.58,176.39,0.79
B-n31-k5-r16_2_4_0.50,188.34,176.39,0.81
B-n31-k5-r16_2_4_1.00,225.55,176.39,0.94
B-n31-k5-r16_2_4_2.00,189.58,176.39,0.81
B-n31-k5-r16_3_4_0.50,187.71,176.39,0.75
B-n31-k5-r16_3_4_1.00,176.39,176.39,0.85
B-n31-k5-r16_3_4_2.00,176.39,176.39,0.93
B-n31-k5-r16_1_5_0.50,222.87,176.39,0.81
B-n31-k5-r16_1_5_1.00,189.58,176.39,0.85
B-n31-k5-r16_1_5_2.00,212.28,176.39,1.32
B-n31-k5-r16_2_5_0.50,184.36,176.39,0.97
B-n31-k5-r16_2_5_1.00,188.04,176.39,1.11
B-n31-k5-r16_2_5_2.00,189.58,176.39,0.82
B-n31-k5-r16_3_5_0.50,187.71,176.39,0.93
B-n31-k5-r16_3_5_1.00,211.36,176.39,1.05
B-n31-k5-r16_3_5_2.00,233.52,176.39,1.59
B-n34-k5-r8_1_2_0.50,239.91,204.44,2.58
B-n34-k5-r8_1_2_1.00,249.29,207.14,1.34
B-n34-k5-r8_1_2_2.00,239.48,205.00,1.08
B-n34-k5-r8_2_2_0.50,221.44,208.11,1.83
B-n34-k5-r8_2_2_1.00,205.00,205.00,0.95
B-n34-k5-r8_2_2_2.00,232.71,205.00,0.84
B-n34-k5-r8_3_2_0.50,242.28,196.68,3.15
B-n34-k5-r8_3_2_1.00,259.97,205.00,0.84
B-n34-k5-r8_3_2_2.00,244.58,205.00,0.64
B-n34-k5-r8_1_3_0.50,231.71,179.88,1.56
B-n34-k5-r8_1_3_1.00,208.10,164.41,1.45
B-n34-k5-r8_1_3_2.00,235.54,160.80,1.50
B-n34-k5-r8_2_3_0.50,193.34,175.13,1.06
B-n34-k5-r8_2_3_1.00,215.35,160.81,1.11
B-n34-k5-r8_2_3_2.00,220.11,160.80,1.13
B-n34-k5-r8_3_3_0.50,213.04,164.39,1.06
B-n34-k5-r8_3_3_1.00,195.65,160.80,1.15
B-n34-k5-r8_3_3_2.00,212.96,160.80,1.19
B-n34-k5-r8_1_4_0.50,201.04,158.48,1.00
B-n34-k5-r8_1_4_1.00,189.08,147.61,1.45
B-n34-k5-r8_1_4_2.00,186.57,139.59,1.70
B-n34-k5-r8_2_4_0.50,214.32,147.61,1.48
B-n34-k5-r8_2_4_1.00,205.83,140.41,0.97
B-n34-k5-r8_2_4_2.00,216.91,139.32,1.26
B-n34-k5-r8_3_4_0.50,215.29,142.39,1.76
B-n34-k5-r8_3_4_1.00,201.79,139.32,0.96
B-n34-k5-r8_3_4_2.00,235.65,139.32,1.35
B-n34-k5-r8_1_5_0.50,158.65,150.53,1.51
B-n34-k5-r8_1_5_1.00,205.39,147.61,0.88
B-n34-k5-r8_1_5_2.00,195.19,139.59,1.10
B-n34-k5-r8_2_5_0.50,214.79,147.61,0.86
B-n34-k5-r8_2_5_1.00,166.62,139.59,0.89
B-n34-k5-r8_2_5_2.00,189.51,139.32,0.83
B-n34-k5-r8_3_5_0.50,201.79,142.39,1.04
B-n34-k5-r8_3_5_1.00,156.16,139.32,1.02
B-n34-k5-r8_3_5_2.00,197.86,139.32,1.05
B-n34-k5-r12_1_2_0.50,218.15,208.89,1.30
B-n34-k5-r12_1_2_1.00,247.49,206.32,1.96
B-n34-k5-r12_1_2_2.00,222.21,200.33,0.77
B-n34-k5-r12_2_2_0.50,249.51,200.33,1.17
B-n34-k5-r12_2_2_1.00,227.81,200.33,0.95
B-n34-k5-r12_2_2_2.00,257.21,200.33,0.92
B-n34-k5-r12_3_2_0.50,238.95,200.33,1.01
B-n34-k5-r12_3_2_1.00,238.82,200.33,1.35
B-n34-k5-r12_3_2_2.00,205.00,200.33,0.84
B-n34-k5-r12_1_3_0.50,222.72,178.46,1.45
B-n34-k5-r12_1_3_1.00,200.33,159.04,2.06
B-n34-k5-r12_1_3_2.00,221.16,152.95,1.80
B-n34-k5-r12_2_3_0.50,219.11,165.51,1.65
B-n34-k5-r12_2_3_1.00,190.13,153.42,1.93
B-n34-k5-r12_2_3_2.00,218.01,161.24,1.04
B-n34-k5-r12_3_3_0.50,207.98,152.95,2.48
B-n34-k5-r12_3_3_1.00,200.33,153.57,1.83
B-n34-k5-r12_3_3_2.00,205.75,152.95,3.45
B-n34-k5-r12_1_4_0.50,203.69,156.31,2.92
B-n34-k5-r12_1_4_1.00,217.98,150.48,1.77
B-n34-k5-r12_1_4_2.00,219.47,146.20,1.07
B-n34-k5-r12_2_4_0.50,206.35,154.82,1.16
B-n34-k5-r12_2_4_1.00,219.14,146.20,1.49
B-n34-k5-r12_2_4_2.00,198.76,145.57,0.83
B-n34-k5-r12_3_4_0.50,206.35,145.57,0.91
B-n34-k5-r12_3_4_1.00,204.97,145.57,1.60
B-n34-k5-r12_3_4_2.00,243.12,145.57,1.73
B-n34-k5-r12_1_5_0.50,215.31,154.31,0.80
B-n34-k5-r12_1_5_1.00,164.69,147.27,1.62
B-n34-k5-r12_1_5_2.00,200.33,136.93,0.96
B-n34-k5-r12_2_5_0.50,205.59,154.31,0.84
B-n34-k5-r12_2_5_1.00,216.56,136.93,1.33
B-n34-k5-r12_2_5_2.00,171.77,136.93,1.12
B-n34-k5-r12_3_5_0.50,207.98,145.64,0.96
B-n34-k5-r12_3_5_1.00,213.91,136.93,1.17
B-n34-k5-r12_3_5_2.00,200.44,136.93,1.39
B-n34-k5-r16_1_2_0.50,226.25,199.55,1.24
B-n34-k5-r16_1_2_1.00,249.41,222.21,1.63
B-n34-k5-r16_1_2_2.00,229.27,197.81,1.47
B-n34-k5-r16_2_2_0.50,223.04,202.27,1.62
B-n34-k5-r16_2_2_1.00,255.04,201.22,1.02
B-n34-k5-r16_2_2_2.00,216.33,177.01,2.50
B-n34-k5-r16_3_2_0.50,258.74,216.96,1.47
B-n34-k5-r16_3_2_1.00,232.87,178.68,1.51
B-n34-k5-r16_3_2_2.00,222.34,176.63,1.18
B-n34-k5-r16_1_3_0.50,198.63,179.69,1.85
B-n34-k5-r16_1_3_1.00,202.07,170.30,1.85
B-n34-k5-r16_1_3_2.00,192.05,158.80,2.12
B-n34-k5-r16_2_3_0.50,229.19,184.56,1.97
B-n34-k5-r16_2_3_1.00,185.23,161.20,1.56
B-n34-k5-r16_2_3_2.00,209.85,147.81,1.71
B-n34-k5-r16_3_3_0.50,188.53,168.07,1.03
B-n34-k5-r16_3_3_1.00,191.65,157.12,1.26
B-n34-k5-r16_3_3_2.00,217.98,143.82,0.78
B-n34-k5-r16_1_4_0.50,200.13,160.61,2.16
B-n34-k5-r16_1_4_1.00,192.05,157.47,1.27
B-n34-k5-r16_1_4_2.00,195.76,151.19,0.89
B-n34-k5-r16_2_4_0.50,190.30,159.39,1.71
B-n34-k5-r16_2_4_1.00,201.79,148.64,1.92
B-n34-k5-r16_2_4_2.00,207.65,148.32,0.96
B-n34-k5-r16_3_4_0.50,198.96,156.54,3.50
B-n34-k5-r16_3_4_1.00,193.45,143.82,2.24
B-n34-k5-r16_3_4_2.00,202.50,137.74,0.96
B-n34-k5-r16_1_5_0.50,211.46,155.89,1.18
B-n34-k5-r16_1_5_1.00,157.17,150.59,1.68
B-n34-k5-r16_1_5_2.00,167.15,143.96,2.74
B-n34-k5-r16_2_5_0.50,211.21,155.89,0.77
B-n34-k5-r16_2_5_1.00,199.45,148.32,1.22
B-n34-k5-r16_2_5_2.00,149.04,137.74,1.39
B-n34-k5-r16_3_5_0.50,204.88,150.71,2.60
B-n34-k5-r16_3_5_1.00,160.29,154.83,1.12
B-n34-k5-r16_3_5_2.00,139.84,137.74,0.76
B-n35-k5-r8_1_2_0.50,293.69,273.31,0.87
B-n35-k5-r8_1_2_1.00,311.58,273.31,1.57
B-n35-k5-r8_1_2_2.00,330.18,272.93,1.71
B-n35-k5-r8_2_2_0.50,299.79,273.31,1.18
B-n35-k5-r8_2_2_1.00,283.13,272.77,0.78
B-n35-k5-r8_2_2_2.00,284.42,273.31,0.85
B-n35-k5-r8_3_2_0.50,291.81,273.31,0.87
B-n35-k5-r8_3_2_1.00,274.61,273.31,0.82
B-n35-k5-r8_3_2_2.00,292.80,272.77,0.91
B-n35-k5-r8_1_3_0.50,246.75,233.85,1.23
B-n35-k5-r8_1_3_1.00,249.15,233.85,0.94
B-n35-k5-r8_1_3_2.00,271.43,233.85,1.70
B-n35-k5-r8_2_3_0.50,272.80,233.85,1.00
B-n35-k5-r8_2_3_1.00,251.15,233.85,1.56
B-n35-k5-r8_2_3_2.00,252.93,233.85,499.98
B-n35-k5-r8_3_3_0.50,258.47,233.90,3.64
B-n35-k5-r8_3_3_1.00,266.74,233.85,1.31
B-n35-k5-r8_3_3_2.00,239.43,233.85,1.40
B-n35-k5-r8_1_4_0.50,246.78,233.69,0.82
B-n35-k5-r8_1_4_1.00,234.45,233.69,0.99
B-n35-k5-r8_1_4_2.00,268.90,233.69,0.83
B-n35-k5-r8_2_4_0.50,245.36,233.69,0.85
B-n35-k5-r8_2_4_1.00,248.74,233.69,0.76
B-n35-k5-r8_2_4_2.00,233.85,233.69,0.73
B-n35-k5-r8_3_4_0.50,256.75,233.69,0.77
B-n35-k5-r8_3_4_1.00,244.99,233.69,0.81
B-n35-k5-r8_3_4_2.00,252.27,233.69,1.17
B-n35-k5-r8_1_5_0.50,233.81,233.69,0.77
B-n35-k5-r8_1_5_1.00,248.88,233.69,0.75
B-n35-k5-r8_1_5_2.00,240.11,233.69,0.77
B-n35-k5-r8_2_5_0.50,248.25,233.69,0.72
B-n35-k5-r8_2_5_1.00,233.85,233.69,0.70
B-n35-k5-r8_2_5_2.00,233.86,233.69,0.70
B-n35-k5-r8_3_5_0.50,266.94,233.69,0.75
B-n35-k5-r8_3_5_1.00,236.17,233.69,0.69
B-n35-k5-r8_3_5_2.00,233.73,233.69,0.72
B-n35-k5-r12_1_2_0.50,313.33,254.96,0.82
B-n35-k5-r12_1_2_1.00,259.77,253.24,1.06
B-n35-k5-r12_1_2_2.00,278.13,254.60,1.54
B-n35-k5-r12_2_2_0.50,267.47,250.72,1.25
B-n35-k5-r12_2_2_1.00,263.33,254.60,1.30
B-n35-k5-r12_2_2_2.00,255.75,254.60,2.01
B-n35-k5-r12_3_2_0.50,273.47,254.60,1.04
B-n35-k5-r12_3_2_1.00,299.93,254.60,1.00
B-n35-k5-r12_3_2_2.00,254.99,254.60,1.43
B-n35-k5-r12_1_3_0.50,243.58,232.24,1.20
B-n35-k5-r12_1_3_1.00,234.99,231.82,0.86
B-n35-k5-r12_1_3_2.00,250.87,231.82,0.82
B-n35-k5-r12_2_3_0.50,274.66,231.82,1.13
B-n35-k5-r12_2_3_1.00,279.37,231.82,1.12
B-n35-k5-r12_2_3_2.00,234.64,231.82,1.05
B-n35-k5-r12_3_3_0.50,256.33,231.82,0.88
B-n35-k5-r12_3_3_1.00,253.58,231.82,0.97
B-n35-k5-r12_3_3_2.00,234.60,228.82,0.68
B-n35-k5-r12_1_4_0.50,251.96,212.41,1.11
B-n35-k5-r12_1_4_1.00,245.68,212.08,1.09
B-n35-k5-r12_1_4_2.00,255.13,212.08,0.85
B-n35-k5-r12_2_4_0.50,232.44,212.08,1.59
B-n35-k5-r12_2_4_1.00,234.99,212.08,0.86
B-n35-k5-r12_2_4_2.00,256.06,212.08,1.13
B-n35-k5-r12_3_4_0.50,266.11,212.08,1.20
B-n35-k5-r12_3_4_1.00,238.44,212.08,1.26
B-n35-k5-r12_3_4_2.00,245.89,212.08,0.94
B-n35-k5-r12_1_5_0.50,251.03,212.41,1.01
B-n35-k5-r12_1_5_1.00,233.69,212.08,0.92
B-n35-k5-r12_1_5_2.00,234.45,212.08,0.85
B-n35-k5-r12_2_5_0.50,243.01,212.08,0.77
B-n35-k5-r12_2_5_1.00,231.91,212.08,0.77
B-n35-k5-r12_2_5_2.00,229.33,212.08,0.73
B-n35-k5-r12_3_5_0.50,231.82,212.08,0.75
B-n35-k5-r12_3_5_1.00,212.08,212.08,0.67
B-n35-k5-r12_3_5_2.00,234.22,212.08,0.73
B-n35-k5-r16_1_2_0.50,305.42,255.00,0.92
B-n35-k5-r16_1_2_1.00,276.19,247.14,1.27
B-n35-k5-r16_1_2_2.00,291.22,246.39,1.29
B-n35-k5-r16_2_2_0.50,293.06,236.40,2.50
B-n35-k5-r16_2_2_1.00,284.00,246.39,1.38
B-n35-k5-r16_2_2_2.00,268.46,229.70,2.42
B-n35-k5-r16_3_2_0.50,276.28,252.18,1.09
B-n35-k5-r16_3_2_1.00,273.81,229.70,2.01
B-n35-k5-r16_3_2_2.00,264.07,229.99,1.83
B-n35-k5-r16_1_3_0.50,263.43,227.55,1.63
B-n35-k5-r16_1_3_1.00,255.38,219.85,2.20
B-n35-k5-r16_1_3_2.00,240.69,224.65,0.87
B-n35-k5-r16_2_3_0.50,249.38,224.27,1.07
B-n35-k5-r16_2_3_1.00,254.87,215.05,1.73
B-n35-k5-r16_2_3_2.00,249.01,224.65,1.11
B-n35-k5-r16_3_3_0.50,274.98,221.37,1.66
B-n35-k5-r16_3_3_1.00,230.54,229.70,1.48
B-n35-k5-r16_3_3_2.00,249.90,215.05,1.33
B-n35-k5-r16_1_4_0.50,242.97,216.06,0.99
B-n35-k5-r16_1_4_1.00,248.91,212.78,1.22
B-n35-k5-r16_1_4_2.00,217.93,208.72,0.96
B-n35-k5-r16_2_4_0.50,247.78,212.80,1.20
B-n35-k5-r16_2_4_1.00,238.95,208.72,0.81
B-n35-k5-r16_2_4_2.00,268.83,208.72,0.93
B-n35-k5-r16_3_4_0.50,230.32,208.72,1.65
B-n35-k5-r16_3_4_1.00,228.99,208.72,1.70
B-n35-k5-r16_3_4_2.00,255.06,208.72,0.84
B-n35-k5-r16_1_5_0.50,246.08,216.06,1.24
B-n35-k5-r16_1_5_1.00,237.00,212.78,0.91
B-n35-k5-r16_1_5_2.00,259.96,208.72,0.82
B-n35-k5-r16_2_5_0.50,247.51,212.80,1.19
B-n35-k5-r16_2_5_1.00,246.60,208.72,0.77
B-n35-k5-r16_2_5_2.00,233.05,208.72,0.91
B-n35-k5-r16_3_5_0.50,234.19,208.72,0.87
B-n35-k5-r16_3_5_1.00,247.76,208.72,0.69
B-n35-k5-r16_3_5_2.00,233.69,208.72,0.76
B-n38-k6-r8_1_2_0.50,262.97,217.26,1.36
B-n38-k6-r8_1_2_1.00,265.90,240.67,1.72
B-n38-k6-r8_1_2_2.00,235.04,217.26,1.12
B-n38-k6-r8_2_2_0.50,222.79,217.26,0.82
B-n38-k6-r8_2_2_1.00,260.80,228.44,1.12
B-n38-k6-r8_2_2_2.00,252.20,240.56,2.60
B-n38-k6-r8_3_2_0.50,274.11,240.67,1.40
B-n38-k6-r8_3_2_1.00,228.44,217.26,1.22
B-n38-k6-r8_3_2_2.00,265.36,217.26,1.02
B-n38-k6-r8_1_3_0.50,208.31,190.36,0.80
B-n38-k6-r8_1_3_1.00,203.07,190.36,0.90
B-n38-k6-r8_1_3_2.00,215.98,186.00,0.96
B-n38-k6-r8_2_3_0.50,219.16,190.36,0.83
B-n38-k6-r8_2_3_1.00,222.40,186.00,1.08
B-n38-k6-r8_2_3_2.00,236.37,190.36,0.90
B-n38-k6-r8_3_3_0.50,232.93,186.00,0.83
B-n38-k6-r8_3_3_1.00,205.16,190.36,0.82
B-n38-k6-r8_3_3_2.00,218.90,190.36,0.73
B-n38-k6-r8_1_4_0.50,195.72,190.36,0.74
B-n38-k6-r8_1_4_1.00,225.41,167.64,0.87
B-n38-k6-r8_1_4_2.00,185.39,167.64,0.79
B-n38-k6-r8_2_4_0.50,180.28,167.64,0.80
B-n38-k6-r8_2_4_1.00,179.78,167.64,0.86
B-n38-k6-r8_2_4_2.00,204.89,186.00,0.99
B-n38-k6-r8_3_4_0.50,195.30,167.64,0.99
B-n38-k6-r8_3_4_1.00,198.02,186.00,0.94
B-n38-k6-r8_3_4_2.00,212.97,186.00,1.07
B-n38-k6-r8_1_6_0.50,185.53,167.64,0.86
B-n38-k6-r8_1_6_1.00,185.53,167.64,0.95
B-n38-k6-r8_1_6_2.00,199.87,167.64,0.87
B-n38-k6-r8_2_6_0.50,185.53,167.64,1.14
B-n38-k6-r8_2_6_1.00,182.36,167.64,0.76
B-n38-k6-r8_2_6_2.00,173.07,167.64,0.85
B-n38-k6-r8_3_6_0.50,193.39,167.64,0.94
B-n38-k6-r8_3_6_1.00,190.77,167.64,0.74
B-n38-k6-r8_3_6_2.00,181.04,167.64,0.83
B-n38-k6-r12_1_2_0.50,221.96,217.38,0.79
B-n38-k6-r12_1_2_1.00,264.28,232.84,1.77
B-n38-k6-r12_1_2_2.00,278.72,242.53,2.11
B-n38-k6-r12_2_2_0.50,251.34,214.14,1.18
B-n38-k6-r12_2_2_1.00,251.40,209.77,0.87
B-n38-k6-r12_2_2_2.00,222.30,209.77,0.80
B-n38-k6-r12_3_2_0.50,230.36,210.72,1.02
B-n38-k6-r12_3_2_1.00,262.62,209.77,1.01
B-n38-k6-r12_3_2_2.00,282.37,209.77,1.19
B-n38-k6-r12_1_3_0.50,226.14,181.98,1.05
B-n38-k6-r12_1_3_1.00,229.64,181.41,0.78
B-n38-k6-r12_1_3_2.00,207.26,181.41,0.69
B-n38-k6-r12_2_3_0.50,192.27,181.41,0.73
B-n38-k6-r12_2_3_1.00,249.48,181.41,0.81
B-n38-k6-r12_2_3_2.00,214.53,181.41,0.77
B-n38-k6-r12_3_3_0.50,216.78,181.41,0.82
B-n38-k6-r12_3_3_1.00,202.00,181.41,0.73
B-n38-k6-r12_3_3_2.00,223.56,181.41,0.86
B-n38-k6-r12_1_4_0.50,195.72,182.36,0.84
B-n38-k6-r12_1_4_1.00,212.73,173.07,1.01
B-n38-k6-r12_1_4_2.00,213.87,173.07,0.85
B-n38-k6-r12_2_4_0.50,192.92,181.41,0.73
B-n38-k6-r12_2_4_1.00,193.85,173.07,0.94
B-n38-k6-r12_2_4_2.00,181.41,181.41,0.66
B-n38-k6-r12_3_4_0.50,222.89,181.41,0.84
B-n38-k6-r12_3_4_1.00,195.60,173.07,0.74
B-n38-k6-r12_3_4_2.00,234.57,181.41,0.79
B-n38-k6-r12_1_6_0.50,182.36,173.07,0.78
B-n38-k6-r12_1_6_1.00,182.36,173.07,0.92
B-n38-k6-r12_1_6_2.00,195.70,173.07,0.86
B-n38-k6-r12_2_6_0.50,182.36,173.07,0.78
B-n38-k6-r12_2_6_1.00,189.80,173.07,0.69
B-n38-k6-r12_2_6_2.00,180.96,173.07,0.74
B-n38-k6-r12_3_6_0.50,181.98,173.07,1.21
B-n38-k6-r12_3_6_1.00,181.41,173.07,0.74
B-n38-k6-r12_3_6_2.00,181.41,173.07,0.79
B-n38-k6-r16_1_2_0.50,267.55,218.22,0.82
B-n38-k6-r16_1_2_1.00,226.82,207.52,0.92
B-n38-k6-r16_1_2_2.00,250.34,181.92,1.41
B-n38-k6-r16_2_2_0.50,281.82,229.81,1.09
B-n38-k6-r16_2_2_1.00,233.51,181.34,1.56
B-n38-k6-r16_2_2_2.00,216.99,181.33,0.97
B-n38-k6-r16_3_2_0.50,226.88,184.74,1.28
B-n38-k6-r16_3_2_1.00,232.73,216.28,0.92
B-n38-k6-r16_3_2_2.00,250.21,181.33,9.66
B-n38-k6-r16_1_3_0.50,219.59,182.85,1.33
B-n38-k6-r16_1_3_1.00,242.14,172.56,1.07
B-n38-k6-r16_1_3_2.00,199.02,160.72,0.99
B-n38-k6-r16_2_3_0.50,217.69,172.56,1.00
B-n38-k6-r16_2_3_1.00,204.62,160.72,1.08
B-n38-k6-r16_2_3_2.00,216.38,160.72,0.91
B-n38-k6-r16_3_3_0.50,192.38,169.80,0.98
B-n38-k6-r16_3_3_1.00,213.53,160.72,1.24
B-n38-k6-r16_3_3_2.00,215.92,160.72,1.40
B-n38-k6-r16_1_4_0.50,209.69,183.23,0.82
B-n38-k6-r16_1_4_1.00,217.12,172.56,0.86
B-n38-k6-r16_1_4_2.00,196.21,160.72,1.04
B-n38-k6-r16_2_4_0.50,195.83,172.56,0.99
B-n38-k6-r16_2_4_1.00,185.75,160.72,0.87
B-n38-k6-r16_2_4_2.00,177.43,160.72,0.74
B-n38-k6-r16_3_4_0.50,217.12,169.80,0.73
B-n38-k6-r16_3_4_1.00,198.83,160.72,0.70
B-n38-k6-r16_3_4_2.00,182.85,160.72,0.87
B-n38-k6-r16_1_6_0.50,186.89,165.60,1.33
B-n38-k6-r16_1_6_1.00,195.83,163.03,0.82
B-n38-k6-r16_1_6_2.00,160.72,160.72,0.75
B-n38-k6-r16_2_6_0.50,185.53,162.43,1.42
B-n38-k6-r16_2_6_1.00,163.65,160.72,0.78
B-n38-k6-r16_2_6_2.00,187.37,160.72,0.73
B-n38-k6-r16_3_6_0.50,188.28,169.69,0.74
B-n38-k6-r16_3_6_1.00,160.72,160.72,0.69
B-n38-k6-r16_3_6_2.00,187.39,160.72,0.74
B-n39-k5-r8_1_2_0.50,222.12,203.23,1.06
B-n39-k5-r8_1_2_1.00,241.28,193.82,1.21
B-n39-k5-r8_1_2_2.00,202.47,199.40,1.47
B-n39-k5-r8_2_2_0.50,253.76,199.40,0.91
B-n39-k5-r8_2_2_1.00,220.20,199.40,2.83
B-n39-k5-r8_2_2_2.00,254.77,188.84,2.36
B-n39-k5-r8_3_2_0.50,228.39,199.40,1.03
B-n39-k5-r8_3_2_1.00,225.09,190.69,1.30
B-n39-k5-r8_3_2_2.00,216.67,188.70,1.03
B-n39-k5-r8_1_3_0.50,188.57,186.70,0.84
B-n39-k5-r8_1_3_1.00,193.51,172.55,0.75
B-n39-k5-r8_1_3_2.00,202.36,172.55,0.80
B-n39-k5-r8_2_3_0.50,193.83,172.55,0.85
B-n39-k5-r8_2_3_1.00,199.84,172.55,0.87
B-n39-k5-r8_2_3_2.00,207.40,172.55,0.89
B-n39-k5-r8_3_3_0.50,200.76,172.55,0.99
B-n39-k5-r8_3_3_1.00,195.77,172.55,0.75
B-n39-k5-r8_3_3_2.00,186.70,172.55,0.78
B-n39-k5-r8_1_4_0.50,192.86,178.28,1.00
B-n39-k5-r8_1_4_1.00,186.87,172.55,0.74
B-n39-k5-r8_1_4_2.00,204.76,172.55,0.76
B-n39-k5-r8_2_4_0.50,186.79,172.55,0.84
B-n39-k5-r8_2_4_1.00,199.07,172.55,0.84
B-n39-k5-r8_2_4_2.00,190.97,172.55,0.81
B-n39-k5-r8_3_4_0.50,186.71,172.55,0.82
B-n39-k5-r8_3_4_1.00,183.05,172.55,0.75
B-n39-k5-r8_3_4_2.00,189.75,172.55,0.74
B-n39-k5-r8_1_5_0.50,187.03,178.28,0.80
B-n39-k5-r8_1_5_1.00,184.81,172.55,0.75
B-n39-k5-r8_1_5_2.00,186.12,172.55,0.87
B-n39-k5-r8_2_5_0.50,188.22,172.55,0.73
B-n39-k5-r8_2_5_1.00,172.55,172.55,0.70
B-n39-k5-r8_2_5_2.00,187.26,172.55,0.72
B-n39-k5-r8_3_5_0.50,186.95,172.55,0.74
B-n39-k5-r8_3_5_1.00,190.29,172.55,0.77
B-n39-k5-r8_3_5_2.00,178.28,172.55,0.73
B-n39-k5-r12_1_2_0.50,221.89,208.21,1.81
B-n39-k5-r12_1_2_1.00,255.63,180.62,2.73
B-n39-k5-r12_1_2_2.00,238.84,186.85,3.89
B-n39-k5-r12_2_2_0.50,217.04,185.09,1.93
B-n39-k5-r12_2_2_1.00,193.74,171.08,1.98
B-n39-k5-r12_2_2_2.00,238.62,172.87,2.10
B-n39-k5-r12_3_2_0.50,231.87,173.46,2.03
B-n39-k5-r12_3_2_1.00,208.66,187.56,3.71
B-n39-k5-r12_3_2_2.00,201.80,171.08,1.18
B-n39-k5-r12_1_3_0.50,213.97,188.22,1.00
B-n39-k5-r12_1_3_1.00,224.82,175.64,1.45
B-n39-k5-r12_1_3_2.00,181.98,164.21,0.79
B-n39-k5-r12_2_3_0.50,222.58,175.96,1.30
B-n39-k5-r12_2_3_1.00,196.95,164.21,0.81
B-n39-k5-r12_2_3_2.00,196.08,164.21,0.76
B-n39-k5-r12_3_3_0.50,210.49,164.21,0.82
B-n39-k5-r12_3_3_1.00,164.21,164.21,0.72
B-n39-k5-r12_3_3_2.00,200.42,164.21,0.76
B-n39-k5-r12_1_4_0.50,192.05,182.43,0.98
B-n39-k5-r12_1_4_1.00,193.97,175.64,1.10
B-n39-k5-r12_1_4_2.00,178.28,164.21,0.94
B-n39-k5-r12_2_4_0.50,187.18,178.28,1.11
B-n39-k5-r12_2_4_1.00,186.87,164.21,0.77
B-n39-k5-r12_2_4_2.00,191.43,164.21,0.73
B-n39-k5-r12_3_4_0.50,183.52,164.21,0.89
B-n39-k5-r12_3_4_1.00,194.42,164.21,0.76
B-n39-k5-r12_3_4_2.00,164.38,164.21,0.86
B-n39-k5-r12_1_5_0.50,188.32,181.57,1.04
B-n39-k5-r12_1_5_1.00,186.70,175.39,0.96
B-n39-k5-r12_1_5_2.00,164.21,164.21,0.76
B-n39-k5-r12_2_5_0.50,188.32,175.39,1.04
B-n39-k5-r12_2_5_1.00,186.83,164.21,0.85
B-n39-k5-r12_2_5_2.00,186.83,164.21,1.02
B-n39-k5-r12_3_5_0.50,186.87,164.21,1.12
B-n39-k5-r12_3_5_1.00,191.40,164.21,0.87
B-n39-k5-r12_3_5_2.00,189.61,164.21,0.76
B-n39-k5-r16_1_2_0.50,219.27,194.08,1.13
B-n39-k5-r16_1_2_1.00,225.28,210.12,1.19
B-n39-k5-r16_1_2_2.00,240.97,169.40,1.27
B-n39-k5-r16_2_2_0.50,216.34,212.37,1.08
B-n39-k5-r16_2_2_1.00,197.92,188.77,1.25
B-n39-k5-r16_2_2_2.00,195.17,184.82,1.38
B-n39-k5-r16_3_2_0.50,223.87,208.21,1.17
B-n39-k5-r16_3_2_1.00,247.31,191.08,1.25
B-n39-k5-r16_3_2_2.00,221.49,183.21,1.40
B-n39-k5-r16_1_3_0.50,219.96,191.83,1.14
B-n39-k5-r16_1_3_1.00,191.57,180.03,1.31
B-n39-k5-r16_1_3_2.00,193.89,160.84,0.76
B-n39-k5-r16_2_3_0.50,227.89,187.16,1.68
B-n39-k5-r16_2_3_1.00,187.15,160.84,1.15
B-n39-k5-r16_2_3_2.00,197.24,160.84,0.92
B-n39-k5-r16_3_3_0.50,200.44,181.33,1.04
B-n39-k5-r16_3_3_1.00,201.78,160.84,0.76
B-n39-k5-r16_3_3_2.00,205.19,160.84,0.80
B-n39-k5-r16_1_4_0.50,193.18,186.70,1.84
B-n39-k5-r16_1_4_1.00,212.28,178.28,0.91
B-n39-k5-r16_1_4_2.00,189.61,160.84,0.77
B-n39-k5-r16_2_4_0.50,195.01,181.57,0.76
B-n39-k5-r16_2_4_1.00,180.01,160.84,0.78
B-n39-k5-r16_2_4_2.00,160.84,160.84,0.69
B-n39-k5-r16_3_4_0.50,186.87,178.28,0.70
B-n39-k5-r16_3_4_1.00,189.94,160.84,0.80
B-n39-k5-r16_3_4_2.00,193.27,160.84,0.82
B-n39-k5-r16_1_5_0.50,192.89,186.70,0.87
B-n39-k5-r16_1_5_1.00,182.76,178.28,0.89
B-n39-k5-r16_1_5_2.00,189.61,160.84,0.86
B-n39-k5-r16_2_5_0.50,214.20,181.57,1.07
B-n39-k5-r16_2_5_1.00,186.70,160.84,1.27
B-n39-k5-r16_2_5_2.00,192.31,160.84,0.95
B-n39-k5-r16_3_5_0.50,190.82,172.53,0.85
B-n39-k5-r16_3_5_1.00,176.38,160.84,0.83
B-n39-k5-r16_3_5_2.00,208.73,160.84,0.83
B-n41-k6-r8_1_2_0.50,260.34,239.99,1.82
B-n41-k6-r8_1_2_1.00,263.83,235.01,2.22
B-n41-k6-r8_1_2_2.00,264.05,212.40,0.82
B-n41-k6-r8_2_2_0.50,265.81,213.37,1.28
B-n41-k6-r8_2_2_1.00,242.76,215.56,1.10
B-n41-k6-r8_2_2_2.00,267.61,212.40,1.93
B-n41-k6-r8_3_2_0.50,235.56,213.06,2.35
B-n41-k6-r8_3_2_1.00,255.20,215.56,0.78
B-n41-k6-r8_3_2_2.00,264.98,212.40,1.65
B-n41-k6-r8_1_3_0.50,214.79,182.06,1.91
B-n41-k6-r8_1_3_1.00,203.66,188.20,0.98
B-n41-k6-r8_1_3_2.00,262.31,188.20,1.36
B-n41-k6-r8_2_3_0.50,225.19,188.20,1.15
B-n41-k6-r8_2_3_1.00,247.75,188.20,0.99
B-n41-k6-r8_2_3_2.00,210.80,184.34,1.79
B-n41-k6-r8_3_3_0.50,247.19,180.48,2.85
B-n41-k6-r8_3_3_1.00,249.22,188.20,1.74
B-n41-k6-r8_3_3_2.00,205.95,184.34,2.40
B-n41-k6-r8_1_4_0.50,240.32,170.25,2.52
B-n41-k6-r8_1_4_1.00,195.59,168.73,1.34
B-n41-k6-r8_1_4_2.00,170.17,168.72,1.48
B-n41-k6-r8_2_4_0.50,226.42,170.17,1.07
B-n41-k6-r8_2_4_1.00,194.55,168.72,1.22
B-n41-k6-r8_2_4_2.00,193.96,168.72,1.13
B-n41-k6-r8_3_4_0.50,187.42,168.73,1.57
B-n41-k6-r8_3_4_1.00,213.22,168.72,1.36
B-n41-k6-r8_3_4_2.00,170.54,168.72,1.06
B-n41-k6-r8_1_6_0.50,169.90,168.44,0.92
B-n41-k6-r8_1_6_1.00,196.15,168.44,0.82
B-n41-k6-r8_1_6_2.00,172.22,168.44,0.84
B-n41-k6-r8_2_6_0.50,196.16,168.44,0.78
B-n41-k6-r8_2_6_1.00,207.55,168.44,0.72
B-n41-k6-r8_2_6_2.00,168.72,168.44,0.71
B-n41-k6-r8_3_6_0.50,172.13,168.44,0.73
B-n41-k6-r8_3_6_1.00,168.57,168.44,0.67
B-n41-k6-r8_3_6_2.00,171.59,168.44,0.68
B-n41-k6-r12_1_2_0.50,266.03,245.11,1.46
B-n41-k6-r12_1_2_1.00,252.39,213.41,1.37
B-n41-k6-r12_1_2_2.00,216.92,206.57,1.18
B-n41-k6-r12_2_2_0.50,266.42,210.61,0.91
B-n41-k6-r12_2_2_1.00,289.89,243.11,0.89
B-n41-k6-r12_2_2_2.00,258.78,213.22,1.96
B-n41-k6-r12_3_2_0.50,246.70,213.12,0.86
B-n41-k6-r12_3_2_1.00,266.58,243.11,0.76
B-n41-k6-r12_3_2_2.00,266.40,205.64,1.60
B-n41-k6-r12_1_3_0.50,250.16,186.77,1.49
B-n41-k6-r12_1_3_1.00,225.17,211.56,0.86
B-n41-k6-r12_1_3_2.00,206.51,169.30,0.96
B-n41-k6-r12_2_3_0.50,185.74,180.12,0.98
B-n41-k6-r12_2_3_1.00,218.80,169.30,1.07
B-n41-k6-r12_2_3_2.00,229.52,169.30,1.21
B-n41-k6-r12_3_3_0.50,220.03,174.56,1.92
B-n41-k6-r12_3_3_1.00,204.05,169.30,0.99
B-n41-k6-r12_3_3_2.00,256.49,172.12,0.91
B-n41-k6-r12_1_4_0.50,212.75,167.35,0.96
B-n41-k6-r12_1_4_1.00,206.22,160.16,1.80
B-n41-k6-r12_1_4_2.00,206.48,152.84,0.83
B-n41-k6-r12_2_4_0.50,190.49,160.42,2.15
B-n41-k6-r12_2_4_1.00,183.08,152.84,0.85
B-n41-k6-r12_2_4_2.00,212.64,152.84,0.78
B-n41-k6-r12_3_4_0.50,191.54,153.20,0.90
B-n41-k6-r12_3_4_1.00,182.51,152.84,0.78
B-n41-k6-r12_3_4_2.00,212.49,152.84,0.86
B-n41-k6-r12_1_6_0.50,200.28,158.81,0.90
B-n41-k6-r12_1_6_1.00,201.86,152.84,1.48
B-n41-k6-r12_1_6_2.00,184.75,148.54,1.69
B-n41-k6-r12_2_6_0.50,170.07,152.84,0.92
B-n41-k6-r12_2_6_1.00,164.68,152.84,1.56
B-n41-k6-r12_2_6_2.00,166.92,146.78,1.05
B-n41-k6-r12_3_6_0.50,164.31,152.84,0.81
B-n41-k6-r12_3_6_1.00,208.52,146.78,1.02
B-n41-k6-r12_3_6_2.00,158.81,152.84,0.73
B-n41-k6-r16_1_2_0.50,283.93,245.04,1.88
B-n41-k6-r16_1_2_1.00,257.42,234.19,1.87
B-n41-k6-r16_1_2_2.00,245.70,209.08,1.27
B-n41-k6-r16_2_2_0.50,269.86,218.33,1.36
B-n41-k6-r16_2_2_1.00,265.56,206.18,1.24
B-n41-k6-r16_2_2_2.00,253.09,191.85,1.33
B-n41-k6-r16_3_2_0.50,284.89,211.36,3.07
B-n41-k6-r16_3_2_1.00,270.88,189.19,2.97
B-n41-k6-r16_3_2_2.00,285.36,205.88,4.27
B-n41-k6-r16_1_3_0.50,195.87,193.95,0.81
B-n41-k6-r16_1_3_1.00,216.39,176.05,1.36
B-n41-k6-r16_1_3_2.00,194.12,172.20,1.30
B-n41-k6-r16_2_3_0.50,262.30,188.31,1.14
B-n41-k6-r16_2_3_1.00,251.96,165.26,2.68
B-n41-k6-r16_2_3_2.00,200.58,165.63,0.93
B-n41-k6-r16_3_3_0.50,202.86,169.59,1.35
B-n41-k6-r16_3_3_1.00,226.07,165.63,1.25
B-n41-k6-r16_3_3_2.00,259.19,163.25,1.85
B-n41-k6-r16_1_4_0.50,213.73,168.68,1.01
B-n41-k6-r16_1_4_1.00,197.14,167.53,1.53
B-n41-k6-r16_1_4_2.00,237.79,158.89,1.02
B-n41-k6-r16_2_4_0.50,202.82,167.48,1.45
B-n41-k6-r16_2_4_1.00,177.06,157.65,1.07
B-n41-k6-r16_2_4_2.00,178.66,156.19,0.86
B-n41-k6-r16_3_4_0.50,192.84,157.70,1.66
B-n41-k6-r16_3_4_1.00,168.91,156.19,0.92
B-n41-k6-r16_3_4_2.00,200.54,156.19,1.08
B-n41-k6-r16_1_6_0.50,182.67,156.19,1.17
B-n41-k6-r16_1_6_1.00,172.99,156.19,0.80
B-n41-k6-r16_1_6_2.00,186.43,156.19,0.86
B-n41-k6-r16_2_6_0.50,173.08,157.71,0.82
B-n41-k6-r16_2_6_1.00,211.63,156.19,0.79
B-n41-k6-r16_2_6_2.00,157.36,156.19,0.79
B-n41-k6-r16_3_6_0.50,189.63,156.19,0.76
B-n41-k6-r16_3_6_1.00,168.64,156.19,0.72
B-n41-k6-r16_3_6_2.00,181.66,156.19,0.75
B-n43-k6-r8_1_2_0.50,238.63,194.57,1.61
B-n43-k6-r8_1_2_1.00,205.82,193.27,0.88
B-n43-k6-r8_1_2_2.00,248.56,214.41,0.88
B-n43-k6-r8_2_2_0.50,205.43,193.27,1.09
B-n43-k6-r8_2_2_1.00,203.67,190.87,1.43
B-n43-k6-r8_2_2_2.00,234.58,187.91,1.40
B-n43-k6-r8_3_2_0.50,205.34,193.27,1.34
B-n43-k6-r8_3_2_1.00,221.84,190.87,1.37
B-n43-k6-r8_3_2_2.00,224.17,193.27,1.03
B-n43-k6-r8_1_3_0.50,178.44,174.12,1.58
B-n43-k6-r8_1_3_1.00,183.82,175.22,0.87
B-n43-k6-r8_1_3_2.00,200.80,185.52,0.80
B-n43-k6-r8_2_3_0.50,205.61,168.98,2.29
B-n43-k6-r8_2_3_1.00,180.18,174.12,1.29
B-n43-k6-r8_2_3_2.00,201.93,174.12,0.86
B-n43-k6-r8_3_3_0.50,207.08,162.91,1.18
B-n43-k6-r8_3_3_1.00,176.58,168.98,0.91
B-n43-k6-r8_3_3_2.00,185.10,166.58,1.85
B-n43-k6-r8_1_4_0.50,174.31,166.58,0.78
B-n43-k6-r8_1_4_1.00,174.68,157.06,1.54
B-n43-k6-r8_1_4_2.00,163.96,155.20,0.74
B-n43-k6-r8_2_4_0.50,182.01,155.21,0.99
B-n43-k6-r8_2_4_1.00,168.88,155.20,0.84
B-n43-k6-r8_2_4_2.00,180.28,162.91,0.73
B-n43-k6-r8_3_4_0.50,205.29,155.20,0.85
B-n43-k6-r8_3_4_1.00,162.37,155.20,0.97
B-n43-k6-r8_3_4_2.00,174.12,155.20,0.98
B-n43-k6-r8_1_6_0.50,157.56,152.80,0.88
B-n43-k6-r8_1_6_1.00,172.93,152.80,0.71
B-n43-k6-r8_1_6_2.00,160.66,152.80,0.71
B-n43-k6-r8_2_6_0.50,166.68,152.80,0.72
B-n43-k6-r8_2_6_1.00,168.09,152.80,0.78
B-n43-k6-r8_2_6_2.00,159.57,152.80,0.69
B-n43-k6-r8_3_6_0.50,166.92,152.80,0.70
B-n43-k6-r8_3_6_1.00,171.67,152.80,0.72
B-n43-k6-r8_3_6_2.00,157.59,152.80,0.74
B-n43-k6-r12_1_2_0.50,222.02,196.12,1.18
B-n43-k6-r12_1_2_1.00,209.73,186.87,1.06
B-n43-k6-r12_1_2_2.00,234.18,185.39,1.42
B-n43-k6-r12_2_2_0.50,225.23,193.74,1.24
B-n43-k6-r12_2_2_1.00,218.24,182.87,2.67
B-n43-k6-r12_2_2_2.00,222.99,182.52,1.51
B-n43-k6-r12_3_2_0.50,261.10,184.76,3.00
B-n43-k6-r12_3_2_1.00,229.70,182.52,1.20
B-n43-k6-r12_3_2_2.00,236.47,182.52,1.03
B-n43-k6-r12_1_3_0.50,202.79,176.13,2.34
B-n43-k6-r12_1_3_1.00,196.50,178.12,2.61
B-n43-k6-r12_1_3_2.00,205.25,169.61,1.39
B-n43-k6-r12_2_3_0.50,199.23,174.12,1.35
B-n43-k6-r12_2_3_1.00,180.56,167.68,1.42
B-n43-k6-r12_2_3_2.00,213.28,175.22,0.92
B-n43-k6-r12_3_3_0.50,208.28,176.73,1.57
B-n43-k6-r12_3_3_1.00,200.10,175.22,1.15
B-n43-k6-r12_3_3_2.00,196.42,175.22,0.78
B-n43-k6-r12_1_4_0.50,189.42,159.84,1.00
B-n43-k6-r12_1_4_1.00,172.48,158.64,1.78
B-n43-k6-r12_1_4_2.00,166.63,158.59,0.78
B-n43-k6-r12_2_4_0.50,195.25,158.90,1.65
B-n43-k6-r12_2_4_1.00,183.23,153.90,1.06
B-n43-k6-r12_2_4_2.00,179.05,158.59,1.36
B-n43-k6-r12_3_4_0.50,200.49,158.64,1.25
B-n43-k6-r12_3_4_1.00,177.28,158.59,0.96
B-n43-k6-r12_3_4_2.00,170.39,166.58,0.85
B-n43-k6-r12_1_6_0.50,165.08,152.80,0.69
B-n43-k6-r12_1_6_1.00,172.10,152.80,0.69
B-n43-k6-r12_1_6_2.00,157.28,152.80,0.68
B-n43-k6-r12_2_6_0.50,169.60,152.80,0.74
B-n43-k6-r12_2_6_1.00,176.28,152.80,1.34
B-n43-k6-r12_2_6_2.00,156.57,152.80,0.75
B-n43-k6-r12_3_6_0.50,166.58,152.80,0.91
B-n43-k6-r12_3_6_1.00,156.31,152.80,0.99
B-n43-k6-r12_3_6_2.00,160.56,152.80,0.71
B-n43-k6-r16_1_2_0.50,233.67,197.53,1.10
B-n43-k6-r16_1_2_1.00,204.45,185.73,1.41
B-n43-k6-r16_1_2_2.00,214.48,167.18,1.67
B-n43-k6-r16_2_2_0.50,209.73,191.10,2.61
B-n43-k6-r16_2_2_1.00,230.16,188.71,2.07
B-n43-k6-r16_2_2_2.00,217.63,167.18,0.91
B-n43-k6-r16_3_2_0.50,238.56,175.75,1.40
B-n43-k6-r16_3_2_1.00,207.01,167.76,3.11
B-n43-k6-r16_3_2_2.00,192.18,168.68,1.90
B-n43-k6-r16_1_3_0.50,199.05,176.38,1.43
B-n43-k6-r16_1_3_1.00,193.29,164.80,2.80
B-n43-k6-r16_1_3_2.00,198.14,156.98,1.07
B-n43-k6-r16_2_3_0.50,209.64,165.96,1.37
B-n43-k6-r16_2_3_1.00,192.76,163.88,0.86
B-n43-k6-r16_2_3_2.00,178.22,163.88,0.83
B-n43-k6-r16_3_3_0.50,213.76,170.82,3.31
B-n43-k6-r16_3_3_1.00,208.86,152.07,1.63
B-n43-k6-r16_3_3_2.00,198.66,163.88,1.02
B-n43-k6-r16_1_4_0.50,186.30,156.15,1.24
B-n43-k6-r16_1_4_1.00,177.53,151.84,1.81
B-n43-k6-r16_1_4_2.00,172.29,153.29,1.30
B-n43-k6-r16_2_4_0.50,176.28,159.51,1.43
B-n43-k6-r16_2_4_1.00,161.56,146.21,1.65
B-n43-k6-r16_2_4_2.00,180.91,145.48,1.09
B-n43-k6-r16_3_4_0.50,177.14,153.28,1.87
B-n43-k6-r16_3_4_1.00,182.30,145.48,1.81
B-n43-k6-r16_3_4_2.00,168.71,145.48,0.91
B-n43-k6-r16_1_6_0.50,184.49,145.48,0.97
B-n43-k6-r16_1_6_1.00,162.42,145.48,0.98
B-n43-k6-r16_1_6_2.00,149.01,145.48,0.81
B-n43-k6-r16_2_6_0.50,162.55,145.48,0.79
B-n43-k6-r16_2_6_1.00,155.80,145.48,0.81
B-n43-k6-r16_2_6_2.00,145.48,141.61,1.21
B-n43-k6-r16_3_6_0.50,159.85,145.48,0.83
B-n43-k6-r16_3_6_1.00,157.76,145.48,0.86
B-n43-k6-r16_3_6_2.00,154.88,143.41,1.68
B-n44-k7-r8_1_2_0.50,233.13,183.31,1.00
B-n44-k7-r8_1_2_1.00,214.91,172.10,3.08
B-n44-k7-r8_1_2_2.00,208.11,178.83,1.00
B-n44-k7-r8_2_2_0.50,229.02,180.38,1.67
B-n44-k7-r8_2_2_1.00,212.83,172.10,2.59
B-n44-k7-r8_2_2_2.00,249.75,172.10,2.19
B-n44-k7-r8_3_2_0.50,246.79,172.10,1.74
B-n44-k7-r8_3_2_1.00,213.78,180.81,51.78
B-n44-k7-r8_3_2_2.00,193.23,178.83,1.10
B-n44-k7-r8_1_3_0.50,175.25,171.63,2.95
B-n44-k7-r8_1_3_1.00,178.75,161.58,2.63
B-n44-k7-r8_1_3_2.00,204.29,158.75,3.09
B-n44-k7-r8_2_3_0.50,181.31,163.98,1.14
B-n44-k7-r8_2_3_1.00,170.52,159.02,1.02
B-n44-k7-r8_2_3_2.00,223.58,159.02,2.73
B-n44-k7-r8_3_3_0.50,179.86,158.75,1.84
B-n44-k7-r8_3_3_1.00,187.15,158.75,2.10
B-n44-k7-r8_3_3_2.00,215.07,166.27,1.85
B-n44-k7-r8_1_4_0.50,180.99,165.67,1.18
B-n44-k7-r8_1_4_1.00,165.72,165.07,1.02
B-n44-k7-r8_1_4_2.00,182.96,158.75,1.57
B-n44-k7-r8_2_4_0.50,190.94,158.33,1.64
B-n44-k7-r8_2_4_1.00,201.10,158.75,1.11
B-n44-k7-r8_2_4_2.00,173.34,156.92,0.92
B-n44-k7-r8_3_4_0.50,182.63,156.92,0.86
B-n44-k7-r8_3_4_1.00,186.23,158.75,0.72
B-n44-k7-r8_3_4_2.00,202.07,158.75,0.77
B-n44-k7-r8_1_7_0.50,166.92,163.73,0.75
B-n44-k7-r8_1_7_1.00,167.52,158.32,1.22
B-n44-k7-r8_1_7_2.00,170.12,156.92,0.72
B-n44-k7-r8_2_7_0.50,172.74,158.32,0.87
B-n44-k7-r8_2_7_1.00,158.75,156.92,0.72
B-n44-k7-r8_2_7_2.00,180.57,156.92,0.92
B-n44-k7-r8_3_7_0.50,162.83,156.92,0.77
B-n44-k7-r8_3_7_1.00,176.34,156.92,0.79
B-n44-k7-r8_3_7_2.00,162.83,156.92,0.75
B-n44-k7-r12_1_2_0.50,220.55,180.01,2.31
B-n44-k7-r12_1_2_1.00,241.44,168.45,3.88
B-n44-k7-r12_1_2_2.00,189.89,162.39,2.10
B-n44-k7-r12_2_2_0.50,247.84,172.02,3.87
B-n44-k7-r12_2_2_1.00,206.69,165.89,2.69
B-n44-k7-r12_2_2_2.00,236.98,164.45,1.19
B-n44-k7-r12_3_2_0.50,233.32,163.24,3.98
B-n44-k7-r12_3_2_1.00,226.36,162.39,2.43
B-n44-k7-r12_3_2_2.00,220.41,165.35,2.75
B-n44-k7-r12_1_3_0.50,223.04,171.72,1.08
B-n44-k7-r12_1_3_1.00,200.31,163.76,1.16
B-n44-k7-r12_1_3_2.00,209.97,156.45,1.76
B-n44-k7-r12_2_3_0.50,171.39,165.34,1.80
B-n44-k7-r12_2_3_1.00,176.92,154.90,1.20
B-n44-k7-r12_2_3_2.00,208.11,154.90,1.14
B-n44-k7-r12_3_3_0.50,179.56,157.36,0.98
B-n44-k7-r12_3_3_1.00,178.69,155.14,1.45
B-n44-k7-r12_3_3_2.00,187.49,154.90,1.07
B-n44-k7-r12_1_4_0.50,181.90,166.81,0.78
B-n44-k7-r12_1_4_1.00,179.92,158.33,1.62
B-n44-k7-r12_1_4_2.00,167.95,154.90,0.79
B-n44-k7-r12_2_4_0.50,171.48,163.76,1.16
B-n44-k7-r12_2_4_1.00,163.03,154.90,0.76
B-n44-k7-r12_2_4_2.00,181.82,154.90,0.72
B-n44-k7-r12_3_4_0.50,166.71,157.36,0.77
B-n44-k7-r12_3_4_1.00,174.06,154.90,0.73
B-n44-k7-r12_3_4_2.00,179.41,154.90,0.75
B-n44-k7-r12_1_7_0.50,168.83,163.68,1.62
B-n44-k7-r12_1_7_1.00,172.28,162.83,0.85
B-n44-k7-r12_1_7_2.00,166.71,154.90,0.69
B-n44-k7-r12_2_7_0.50,181.31,158.32,1.02
B-n44-k7-r12_2_7_1.00,171.45,154.90,0.66
B-n44-k7-r12_2_7_2.00,174.95,154.90,0.71
B-n44-k7-r12_3_7_0.50,166.67,154.90,0.78
B-n44-k7-r12_3_7_1.00,154.90,154.90,0.68
B-n44-k7-r12_3_7_2.00,166.71,154.90,0.73
B-n44-k7-r16_1_2_0.50,212.47,188.20,1.16
B-n44-k7-r16_1_2_1.00,191.68,177.81,1.28
B-n44-k7-r16_1_2_2.00,205.72,165.96,1.64
B-n44-k7-r16_2_2_0.50,202.60,181.34,0.88
B-n44-k7-r16_2_2_1.00,207.11,165.03,1.83
B-n44-k7-r16_2_2_2.00,205.71,164.86,1.45
B-n44-k7-r16_3_2_0.50,205.43,173.41,2.15
B-n44-k7-r16_3_2_1.00,205.11,167.04,2.68
B-n44-k7-r16_3_2_2.00,251.82,165.96,3.20
B-n44-k7-r16_1_3_0.50,202.13,166.59,1.00
B-n44-k7-r16_1_3_1.00,182.36,164.22,1.25
B-n44-k7-r16_1_3_2.00,180.84,165.63,0.87
B-n44-k7-r16_2_3_0.50,178.66,165.49,1.04
B-n44-k7-r16_2_3_1.00,237.22,164.03,2.12
B-n44-k7-r16_2_3_2.00,208.91,164.03,0.93
B-n44-k7-r16_3_3_0.50,181.17,164.22,1.71
B-n44-k7-r16_3_3_1.00,184.99,164.03,0.79
B-n44-k7-r16_3_3_2.00,217.77,164.03,0.84
B-n44-k7-r16_1_4_0.50,199.26,164.22,1.12
B-n44-k7-r16_1_4_1.00,172.19,164.03,0.96
B-n44-k7-r16_1_4_2.00,171.58,164.03,0.74
B-n44-k7-r16_2_4_0.50,174.59,164.22,0.77
B-n44-k7-r16_2_4_1.00,173.41,164.03,0.96
B-n44-k7-r16_2_4_2.00,165.47,164.03,0.73
B-n44-k7-r16_3_4_0.50,175.24,164.22,0.87
B-n44-k7-r16_3_4_1.00,178.63,164.03,0.74
B-n44-k7-r16_3_4_2.00,182.54,164.03,0.76
B-n44-k7-r16_1_7_0.50,175.05,164.03,0.77
B-n44-k7-r16_1_7_1.00,165.58,164.03,0.70
B-n44-k7-r16_1_7_2.00,168.81,164.03,0.74
B-n44-k7-r16_2_7_0.50,172.57,164.03,0.72
B-n44-k7-r16_2_7_1.00,174.06,164.03,0.72
B-n44-k7-r16_2_7_2.00,165.58,164.03,0.73
B-n44-k7-r16_3_7_0.50,166.71,164.03,0.71
B-n44-k7-r16_3_7_1.00,166.71,164.03,0.78
B-n44-k7-r16_3_7_2.00,168.14,164.03,0.72
B-n45-k5-r8_1_2_0.50,307.79,257.80,2.75
B-n45-k5-r8_1_2_1.00,289.77,262.70,1.45
B-n45-k5-r8_1_2_2.00,306.08,255.64,2.37
B-n45-k5-r8_2_2_0.50,280.83,265.95,1.86
B-n45-k5-r8_2_2_1.00,269.68,243.45,0.92
B-n45-k5-r8_2_2_2.00,308.67,290.88,1.00
B-n45-k5-r8_3_2_0.50,280.69,256.11,1.72
B-n45-k5-r8_3_2_1.00,296.97,249.62,2.09
B-n45-k5-r8_3_2_2.00,346.39,243.45,1.63
B-n45-k5-r8_1_3_0.50,264.78,211.58,0.77
B-n45-k5-r8_1_3_1.00,237.89,200.90,2.01
B-n45-k5-r8_1_3_2.00,238.79,211.58,1.87
B-n45-k5-r8_2_3_0.50,224.25,202.30,1.21
B-n45-k5-r8_2_3_1.00,230.74,200.90,0.98
B-n45-k5-r8_2_3_2.00,239.30,200.90,1.02
B-n45-k5-r8_3_3_0.50,252.15,200.90,1.04
B-n45-k5-r8_3_3_1.00,223.27,211.58,0.73
B-n45-k5-r8_3_3_2.00,225.74,211.58,0.75
B-n45-k5-r8_1_4_0.50,198.14,175.98,0.81
B-n45-k5-r8_1_4_1.00,196.89,174.01,0.74
B-n45-k5-r8_1_4_2.00,206.19,174.01,1.30
B-n45-k5-r8_2_4_0.50,216.67,174.01,0.75
B-n45-k5-r8_2_4_1.00,235.28,174.01,0.84
B-n45-k5-r8_2_4_2.00,228.15,174.01,0.74
B-n45-k5-r8_3_4_0.50,211.99,174.01,0.83
B-n45-k5-r8_3_4_1.00,185.70,175.98,0.84
B-n45-k5-r8_3_4_2.00,247.64,174.01,0.73
B-n45-k5-r8_1_5_0.50,210.44,174.01,0.66
B-n45-k5-r8_1_5_1.00,190.02,174.01,0.71
B-n45-k5-r8_1_5_2.00,187.85,174.01,0.73
B-n45-k5-r8_2_5_0.50,196.60,174.01,0.72
B-n45-k5-r8_2_5_1.00,197.05,174.01,0.78
B-n45-k5-r8_2_5_2.00,185.70,174.01,0.66
B-n45-k5-r8_3_5_0.50,207.71,174.01,0.73
B-n45-k5-r8_3_5_1.00,191.84,174.01,0.68
B-n45-k5-r8_3_5_2.00,212.50,174.01,0.79
B-n45-k5-r12_1_2_0.50,278.84,266.23,1.19
B-n45-k5-r12_1_2_1.00,270.62,254.47,1.12
B-n45-k5-r12_1_2_2.00,331.54,264.53,0.94
B-n45-k5-r12_2_2_0.50,263.97,257.00,1.15
B-n45-k5-r12_2_2_1.00,322.86,290.88,0.95
B-n45-k5-r12_2_2_2.00,282.85,236.94,1.20
B-n45-k5-r12_3_2_0.50,280.50,238.62,1.65
B-n45-k5-r12_3_2_1.00,278.16,236.94,0.96
B-n45-k5-r12_3_2_2.00,291.63,254.47,1.71
B-n45-k5-r12_1_3_0.50,250.58,211.58,0.83
B-n45-k5-r12_1_3_1.00,223.95,211.58,0.94
B-n45-k5-r12_1_3_2.00,253.57,211.58,1.14
B-n45-k5-r12_2_3_0.50,227.36,219.43,0.95
B-n45-k5-r12_2_3_1.00,269.08,211.58,0.68
B-n45-k5-r12_2_3_2.00,245.05,211.58,0.73
B-n45-k5-r12_3_3_0.50,242.86,211.58,0.90
B-n45-k5-r12_3_3_1.00,259.37,211.58,2.02
B-n45-k5-r12_3_3_2.00,276.33,211.58,1.86
B-n45-k5-r12_1_4_0.50,199.84,192.99,0.90
B-n45-k5-r12_1_4_1.00,197.09,174.01,0.72
B-n45-k5-r12_1_4_2.00,202.89,174.01,0.78
B-n45-k5-r12_2_4_0.50,272.06,174.01,0.78
B-n45-k5-r12_2_4_1.00,221.83,174.01,1.19
B-n45-k5-r12_2_4_2.00,221.62,174.01,0.78
B-n45-k5-r12_3_4_0.50,221.74,174.01,0.95
B-n45-k5-r12_3_4_1.00,211.70,174.01,1.50
B-n45-k5-r12_3_4_2.00,186.38,174.01,0.82
B-n45-k5-r12_1_5_0.50,203.89,174.01,0.91
B-n45-k5-r12_1_5_1.00,215.55,174.01,0.93
B-n45-k5-r12_1_5_2.00,201.91,174.01,0.67
B-n45-k5-r12_2_5_0.50,212.70,174.01,0.75
B-n45-k5-r12_2_5_1.00,191.79,174.01,0.72
B-n45-k5-r12_2_5_2.00,212.77,174.01,0.65
B-n45-k5-r12_3_5_0.50,182.09,174.01,0.70
B-n45-k5-r12_3_5_1.00,184.14,174.01,0.72
B-n45-k5-r12_3_5_2.00,212.35,174.01,0.73
B-n45-k5-r16_1_2_0.50,285.06,267.56,1.62
B-n45-k5-r16_1_2_1.00,318.31,251.61,1.40
B-n45-k5-r16_1_2_2.00,288.99,247.27,1.29
B-n45-k5-r16_2_2_0.50,290.07,241.45,1.31
B-n45-k5-r16_2_2_1.00,296.78,223.02,1.95
B-n45-k5-r16_2_2_2.00,278.02,254.54,0.87
B-n45-k5-r16_3_2_0.50,291.23,247.50,2.16
B-n45-k5-r16_3_2_1.00,264.10,243.05,1.34
B-n45-k5-r16_3_2_2.00,285.05,241.45,1.07
B-n45-k5-r16_1_3_0.50,213.36,211.58,0.72
B-n45-k5-r16_1_3_1.00,259.35,216.10,2.24
B-n45-k5-r16_1_3_2.00,286.56,203.88,1.21
B-n45-k5-r16_2_3_0.50,267.67,211.58,0.87
B-n45-k5-r16_2_3_1.00,256.50,203.88,1.31
B-n45-k5-r16_2_3_2.00,211.86,211.58,1.28
B-n45-k5-r16_3_3_0.50,250.97,203.87,1.08
B-n45-k5-r16_3_3_1.00,240.45,211.58,0.86
B-n45-k5-r16_3_3_2.00,240.85,211.58,1.32
B-n45-k5-r16_1_4_0.50,190.70,178.05,1.31
B-n45-k5-r16_1_4_1.00,215.95,174.01,0.80
B-n45-k5-r16_1_4_2.00,189.44,174.01,0.74
B-n45-k5-r16_2_4_0.50,260.62,180.32,1.25
B-n45-k5-r16_2_4_1.00,212.71,174.01,0.90
B-n45-k5-r16_2_4_2.00,232.48,181.52,1.00
B-n45-k5-r16_3_4_0.50,226.83,174.01,0.79
B-n45-k5-r16_3_4_1.00,205.43,174.01,1.03
B-n45-k5-r16_3_4_2.00,216.27,174.01,0.96
B-n45-k5-r16_1_5_0.50,197.67,174.01,0.88
B-n45-k5-r16_1_5_1.00,199.29,174.01,1.29
B-n45-k5-r16_1_5_2.00,190.58,174.01,0.66
B-n45-k5-r16_2_5_0.50,185.16,174.01,0.70
B-n45-k5-r16_2_5_1.00,181.30,174.01,1.02
B-n45-k5-r16_2_5_2.00,210.26,174.01,0.88
B-n45-k5-r16_3_5_0.50,211.58,174.01,0.76
B-n45-k5-r16_3_5_1.00,205.29,174.01,0.72
B-n45-k5-r16_3_5_2.00,194.10,174.01,0.72
B-n45-k6-r8_1_2_0.50,234.97,161.41,1.24
B-n45-k6-r8_1_2_1.00,235.20,154.30,2.11
B-n45-k6-r8_1_2_2.00,188.08,146.09,1.21
B-n45-k6-r8_2_2_0.50,244.29,146.09,2.57
B-n45-k6-r8_2_2_1.00,233.95,146.09,1.11
B-n45-k6-r8_2_2_2.00,175.15,146.09,1.25
B-n45-k6-r8_3_2_0.50,233.84,175.55,2.15
B-n45-k6-r8_3_2_1.00,234.28,183.12,2.73
B-n45-k6-r8_3_2_2.00,198.04,146.09,1.46
B-n45-k6-r8_1_3_0.50,164.44,146.09,0.89
B-n45-k6-r8_1_3_1.00,244.23,146.09,0.89
B-n45-k6-r8_1_3_2.00,154.30,146.09,0.83
B-n45-k6-r8_2_3_0.50,146.09,146.09,0.72
B-n45-k6-r8_2_3_1.00,187.44,146.09,0.91
B-n45-k6-r8_2_3_2.00,220.66,146.09,1.32
B-n45-k6-r8_3_3_0.50,166.93,146.09,0.82
B-n45-k6-r8_3_3_1.00,181.89,146.09,0.72
B-n45-k6-r8_3_3_2.00,156.60,146.09,1.00
B-n45-k6-r8_1_4_0.50,203.92,135.16,1.98
B-n45-k6-r8_1_4_1.00,157.70,126.05,1.14
B-n45-k6-r8_1_4_2.00,184.53,119.59,1.23
B-n45-k6-r8_2_4_0.50,181.71,129.05,1.46
B-n45-k6-r8_2_4_1.00,197.07,122.35,1.06
B-n45-k6-r8_2_4_2.00,192.35,119.59,1.50
B-n45-k6-r8_3_4_0.50,163.97,119.81,1.16
B-n45-k6-r8_3_4_1.00,139.61,119.59,1.04
B-n45-k6-r8_3_4_2.00,156.39,119.59,2.14
B-n45-k6-r8_1_6_0.50,171.22,129.39,1.05
B-n45-k6-r8_1_6_1.00,157.38,122.47,1.00
B-n45-k6-r8_1_6_2.00,137.97,116.62,0.75
B-n45-k6-r8_2_6_0.50,191.60,125.54,0.86
B-n45-k6-r8_2_6_1.00,139.53,116.62,0.78
B-n45-k6-r8_2_6_2.00,141.73,116.62,0.82
B-n45-k6-r8_3_6_0.50,132.71,116.62,0.78
B-n45-k6-r8_3_6_1.00,137.35,116.62,0.84
B-n45-k6-r8_3_6_2.00,128.41,116.62,0.93
B-n45-k6-r12_1_2_0.50,219.90,165.63,1.90
B-n45-k6-r12_1_2_1.00,208.54,159.41,3.18
B-n45-k6-r12_1_2_2.00,201.16,152.51,4.95
B-n45-k6-r12_2_2_0.50,242.20,159.82,3.47
B-n45-k6-r12_2_2_1.00,193.30,145.93,3.05
B-n45-k6-r12_2_2_2.00,211.38,142.82,1.91
B-n45-k6-r12_3_2_0.50,218.18,155.85,1.31
B-n45-k6-r12_3_2_1.00,208.18,142.90,1.76
B-n45-k6-r12_3_2_2.00,196.05,178.71,1.00
B-n45-k6-r12_1_3_0.50,163.77,143.56,1.90
B-n45-k6-r12_1_3_1.00,153.94,141.98,1.57
B-n45-k6-r12_1_3_2.00,210.65,134.84,1.84
B-n45-k6-r12_2_3_0.50,179.90,156.02,1.21
B-n45-k6-r12_2_3_1.00,148.98,135.33,1.70
B-n45-k6-r12_2_3_2.00,161.18,133.90,1.80
B-n45-k6-r12_3_3_0.50,184.20,141.43,1.48
B-n45-k6-r12_3_3_1.00,187.86,135.19,1.05
B-n45-k6-r12_3_3_2.00,157.09,135.19,0.92
B-n45-k6-r12_1_4_0.50,166.72,143.56,0.98
B-n45-k6-r12_1_4_1.00,147.58,135.09,0.75
B-n45-k6-r12_1_4_2.00,185.53,133.90,0.93
B-n45-k6-r12_2_4_0.50,148.82,133.99,1.10
B-n45-k6-r12_2_4_1.00,189.87,133.90,0.88
B-n45-k6-r12_2_4_2.00,167.51,133.90,1.04
B-n45-k6-r12_3_4_0.50,141.40,139.59,0.83
B-n45-k6-r12_3_4_1.00,143.02,133.90,0.88
B-n45-k6-r12_3_4_2.00,148.98,133.90,0.87
B-n45-k6-r12_1_6_0.50,140.63,130.60,1.48
B-n45-k6-r12_1_6_1.00,135.62,130.60,1.08
B-n45-k6-r12_1_6_2.00,142.58,130.60,0.78
B-n45-k6-r12_2_6_0.50,143.41,130.60,0.90
B-n45-k6-r12_2_6_1.00,165.18,130.60,1.23
B-n45-k6-r12_2_6_2.00,138.37,130.60,0.83
B-n45-k6-r12_3_6_0.50,152.68,130.60,0.87
B-n45-k6-r12_3_6_1.00,141.27,130.60,0.73
B-n45-k6-r12_3_6_2.00,141.53,130.60,0.83
B-n45-k6-r16_1_2_0.50,192.44,171.44,1.98
B-n45-k6-r16_1_2_1.00,188.18,163.11,1.46
B-n45-k6-r16_1_2_2.00,174.44,143.79,2.40
B-n45-k6-r16_2_2_0.50,201.49,171.15,2.54
B-n45-k6-r16_2_2_1.00,219.36,155.55,1.94
B-n45-k6-r16_2_2_2.00,213.02,125.75,3.06
B-n45-k6-r16_3_2_0.50,215.22,151.50,1.91
B-n45-k6-r16_3_2_1.00,208.26,141.14,2.99
B-n45-k6-r16_3_2_2.00,231.29,130.48,1.22
B-n45-k6-r16_1_3_0.50,162.83,146.09,2.03
B-n45-k6-r16_1_3_1.00,171.14,144.12,1.10
B-n45-k6-r16_1_3_2.00,146.44,127.72,2.70
B-n45-k6-r16_2_3_0.50,190.82,144.84,1.34
B-n45-k6-r16_2_3_1.00,186.11,131.94,2.22
B-n45-k6-r16_2_3_2.00,145.05,120.37,1.40
B-n45-k6-r16_3_3_0.50,161.78,136.29,4.05
B-n45-k6-r16_3_3_1.00,165.92,125.70,1.85
B-n45-k6-r16_3_3_2.00,191.11,109.35,2.08
B-n45-k6-r16_1_4_0.50,159.30,142.38,1.17
B-n45-k6-r16_1_4_1.00,145.51,132.57,2.75
B-n45-k6-r16_1_4_2.00,172.91,126.00,1.08
B-n45-k6-r16_2_4_0.50,196.40,142.38,1.22
B-n45-k6-r16_2_4_1.00,148.41,136.32,0.79
B-n45-k6-r16_2_4_2.00,171.84,120.37,0.80
B-n45-k6-r16_3_4_0.50,148.19,130.21,1.47
B-n45-k6-r16_3_4_1.00,154.47,115.83,1.99
B-n45-k6-r16_3_4_2.00,149.76,101.55,1.59
B-n45-k6-r16_1_6_0.50,146.47,130.47,0.97
B-n45-k6-r16_1_6_1.00,148.88,129.39,0.92
B-n45-k6-r16_1_6_2.00,140.88,118.12,1.71
B-n45-k6-r16_2_6_0.50,145.51,129.39,1.38
B-n45-k6-r16_2_6_1.00,149.17,122.80,0.77
B-n45-k6-r16_2_6_2.00,138.15,101.55,2.16
B-n45-k6-r16_3_6_0.50,146.09,126.30,1.03
B-n45-k6-r16_3_6_1.00,164.82,105.43,2.24
B-n45-k6-r16_3_6_2.00,144.28,101.55,1.05
B-n50-k7-r8_1_2_0.50,242.33,200.07,1.33
B-n50-k7-r8_1_2_1.00,236.99,197.73,2.28
B-n50-k7-r8_1_2_2.00,246.01,220.05,1.68
B-n50-k7-r8_2_2_0.50,223.87,194.25,1.20
B-n50-k7-r8_2_2_1.00,217.08,194.39,1.38
B-n50-k7-r8_2_2_2.00,269.32,187.48,2.61
B-n50-k7-r8_3_2_0.50,243.42,219.70,2.06
B-n50-k7-r8_3_2_1.00,251.11,187.45,1.79
B-n50-k7-r8_3_2_2.00,275.68,198.51,2.60
B-n50-k7-r8_1_3_0.50,186.08,165.12,1.28
B-n50-k7-r8_1_3_1.00,189.55,160.56,0.98
B-n50-k7-r8_1_3_2.00,195.40,165.24,2.00
B-n50-k7-r8_2_3_0.50,221.20,179.09,0.93
B-n50-k7-r8_2_3_1.00,212.20,185.84,0.80
B-n50-k7-r8_2_3_2.00,177.09,160.56,1.76
B-n50-k7-r8_3_3_0.50,196.27,160.56,1.60
B-n50-k7-r8_3_3_1.00,201.14,165.24,1.33
B-n50-k7-r8_3_3_2.00,174.18,160.56,1.50
B-n50-k7-r8_1_4_0.50,190.74,141.93,1.38
B-n50-k7-r8_1_4_1.00,180.46,129.61,1.48
B-n50-k7-r8_1_4_2.00,200.06,129.24,0.99
B-n50-k7-r8_2_4_0.50,192.23,130.62,0.83
B-n50-k7-r8_2_4_1.00,173.84,129.24,1.22
B-n50-k7-r8_2_4_2.00,129.24,129.24,1.03
B-n50-k7-r8_3_4_0.50,168.15,129.24,0.91
B-n50-k7-r8_3_4_1.00,186.76,129.24,1.02
B-n50-k7-r8_3_4_2.00,169.51,129.24,0.86
B-n50-k7-r8_1_7_0.50,147.22,126.41,1.51
B-n50-k7-r8_1_7_1.00,144.55,119.72,0.88
B-n50-k7-r8_1_7_2.00,130.11,116.33,0.69
B-n50-k7-r8_2_7_0.50,125.12,119.72,0.82
B-n50-k7-r8_2_7_1.00,154.31,116.33,0.73
B-n50-k7-r8_2_7_2.00,161.30,116.33,0.79
B-n50-k7-r8_3_7_0.50,133.61,117.57,0.76
B-n50-k7-r8_3_7_1.00,131.03,116.33,0.78
B-n50-k7-r8_3_7_2.00,131.70,116.33,0.77
B-n50-k7-r12_1_2_0.50,253.85,195.27,2.44
B-n50-k7-r12_1_2_1.00,259.64,183.97,1.53
B-n50-k7-r12_1_2_2.00,239.33,159.80,1.88
B-n50-k7-r12_2_2_0.50,221.72,177.69,4.40
B-n50-k7-r12_2_2_1.00,248.89,161.43,3.29
B-n50-k7-r12_2_2_2.00,214.79,159.64,2.48
B-n50-k7-r12_3_2_0.50,232.71,165.07,3.14
B-n50-k7-r12_3_2_1.00,206.03,176.07,1.55
B-n50-k7-r12_3_2_2.00,258.53,165.49,3.08
B-n50-k7-r12_1_3_0.50,221.13,170.44,1.38
B-n50-k7-r12_1_3_1.00,190.64,157.07,1.21
B-n50-k7-r12_1_3_2.00,186.12,149.00,1.97
B-n50-k7-r12_2_3_0.50,191.92,162.48,1.01
B-n50-k7-r12_2_3_1.00,202.74,160.61,2.32
B-n50-k7-r12_2_3_2.00,185.48,139.84,2.12
B-n50-k7-r12_3_3_0.50,189.55,160.27,1.62
B-n50-k7-r12_3_3_1.00,187.69,149.01,1.12
B-n50-k7-r12_3_3_2.00,185.79,139.71,0.97
B-n50-k7-r12_1_4_0.50,185.45,134.93,1.24
B-n50-k7-r12_1_4_1.00,138.65,118.41,0.85
B-n50-k7-r12_1_4_2.00,171.93,113.97,0.89
B-n50-k7-r12_2_4_0.50,173.87,129.22,1.29
B-n50-k7-r12_2_4_1.00,167.63,113.97,0.93
B-n50-k7-r12_2_4_2.00,169.78,113.81,0.82
B-n50-k7-r12_3_4_0.50,172.83,116.73,0.98
B-n50-k7-r12_3_4_1.00,148.79,113.81,1.67
B-n50-k7-r12_3_4_2.00,174.15,113.81,0.77
B-n50-k7-r12_1_7_0.50,166.01,123.18,0.93
B-n50-k7-r12_1_7_1.00,154.92,113.97,0.70
B-n50-k7-r12_1_7_2.00,141.25,113.97,0.72
B-n50-k7-r12_2_7_0.50,141.22,113.97,0.88
B-n50-k7-r12_2_7_1.00,128.42,113.81,1.42
B-n50-k7-r12_2_7_2.00,121.75,113.81,0.72
B-n50-k7-r12_3_7_0.50,133.91,113.93,1.37
B-n50-k7-r12_3_7_1.00,135.44,113.81,0.77
B-n50-k7-r12_3_7_2.00,132.26,113.81,0.73
B-n50-k7-r16_1_2_0.50,222.38,203.01,0.99
B-n50-k7-r16_1_2_1.00,218.72,176.43,2.37
B-n50-k7-r16_1_2_2.00,218.20,159.43,1.18
B-n50-k7-r16_2_2_0.50,225.14,187.53,1.56
B-n50-k7-r16_2_2_1.00,243.81,159.43,4.75
B-n50-k7-r16_2_2_2.00,252.48,161.27,1.19
B-n50-k7-r16_3_2_0.50,238.61,181.67,1.50
B-n50-k7-r16_3_2_1.00,248.17,150.51,2.11
B-n50-k7-r16_3_2_2.00,246.68,159.43,1.40
B-n50-k7-r16_1_3_0.50,198.80,178.64,1.07
B-n50-k7-r16_1_3_1.00,193.17,152.21,2.34
B-n50-k7-r16_1_3_2.00,194.33,141.24,1.33
B-n50-k7-r16_2_3_0.50,195.14,167.86,1.10
B-n50-k7-r16_2_3_1.00,187.47,160.41,1.64
B-n50-k7-r16_2_3_2.00,198.78,144.34,0.94
B-n50-k7-r16_3_3_0.50,195.75,143.06,2.49
B-n50-k7-r16_3_3_1.00,235.21,144.43,1.68
B-n50-k7-r16_3_3_2.00,187.09,141.31,1.41
B-n50-k7-r16_1_4_0.50,156.15,133.63,0.81
B-n50-k7-r16_1_4_1.00,149.03,120.19,2.15
B-n50-k7-r16_1_4_2.00,162.32,109.77,1.61
B-n50-k7-r16_2_4_0.50,189.48,126.36,0.80
B-n50-k7-r16_2_4_1.00,146.07,111.99,2.06
B-n50-k7-r16_2_4_2.00,192.86,108.21,0.97
B-n50-k7-r16_3_4_0.50,156.24,118.36,2.02
B-n50-k7-r16_3_4_1.00,151.84,108.21,1.11
B-n50-k7-r16_3_4_2.00,185.18,108.21,0.85
B-n50-k7-r16_1_7_0.50,144.16,125.19,1.02
B-n50-k7-r16_1_7_1.00,125.78,108.54,1.07
B-n50-k7-r16_1_7_2.00,120.61,108.34,1.36
B-n50-k7-r16_2_7_0.50,121.92,121.56,0.81
B-n50-k7-r16_2_7_1.00,118.04,108.37,0.83
B-n50-k7-r16_2_7_2.00,141.86,108.21,0.71
B-n50-k7-r16_3_7_0.50,115.89,108.37,1.12
B-n50-k7-r16_3_7_1.00,117.80,108.21,0.80
B-n50-k7-r16_3_7_2.00,121.62,108.21,0.79
B-n50-k8-r8_1_2_0.50,331.22,287.86,2.31
B-n50-k8-r8_1_2_1.00,316.76,287.56,1.13
B-n50-k8-r8_1_2_2.00,339.93,279.09,1.53
B-n50-k8-r8_2_2_0.50,334.64,287.90,2.26
B-n50-k8-r8_2_2_1.00,319.57,287.86,1.40
B-n50-k8-r8_2_2_2.00,294.88,278.78,1.08
B-n50-k8-r8_3_2_0.50,326.90,283.32,1.44
B-n50-k8-r8_3_2_1.00,345.41,280.74,1.65
B-n50-k8-r8_3_2_2.00,322.43,283.66,1.51
B-n50-k8-r8_1_3_0.50,269.91,230.43,2.71
B-n50-k8-r8_1_3_1.00,288.71,268.14,0.77
B-n50-k8-r8_1_3_2.00,285.72,259.67,1.10
B-n50-k8-r8_2_3_0.50,279.95,230.43,2.52
B-n50-k8-r8_2_3_1.00,270.39,230.38,1.11
B-n50-k8-r8_2_3_2.00,297.21,268.14,0.71
B-n50-k8-r8_3_3_0.50,286.96,230.43,0.99
B-n50-k8-r8_3_3_1.00,283.97,230.43,1.36
B-n50-k8-r8_3_3_2.00,296.54,230.38,1.67
B-n50-k8-r8_1_4_0.50,255.53,217.36,0.74
B-n50-k8-r8_1_4_1.00,243.06,217.36,0.92
B-n50-k8-r8_1_4_2.00,236.40,217.36,0.72
B-n50-k8-r8_2_4_0.50,253.00,217.36,0.74
B-n50-k8-r8_2_4_1.00,278.80,217.36,0.93
B-n50-k8-r8_2_4_2.00,241.44,217.36,0.73
B-n50-k8-r8_3_4_0.50,226.26,217.36,0.77
B-n50-k8-r8_3_4_1.00,217.36,217.36,0.67
B-n50-k8-r8_3_4_2.00,230.70,217.36,0.72
B-n50-k8-r8_1_8_0.50,226.04,217.36,0.75
B-n50-k8-r8_1_8_1.00,217.36,217.36,0.68
B-n50-k8-r8_1_8_2.00,218.58,217.36,0.83
B-n50-k8-r8_2_8_0.50,219.68,217.36,0.77
B-n50-k8-r8_2_8_1.00,227.70,217.36,0.82
B-n50-k8-r8_2_8_2.00,227.87,217.36,0.90
B-n50-k8-r8_3_8_0.50,227.03,217.36,0.83
B-n50-k8-r8_3_8_1.00,217.36,217.36,0.78
B-n50-k8-r8_3_8_2.00,231.53,217.36,0.69
B-n50-k8-r12_1_2_0.50,322.36,262.29,3.24
B-n50-k8-r12_1_2_1.00,358.02,260.61,4.85
B-n50-k8-r12_1_2_2.00,357.92,259.90,2.19
B-n50-k8-r12_2_2_0.50,367.23,261.10,1.73
B-n50-k8-r12_2_2_1.00,306.59,261.29,2.35
B-n50-k8-r12_2_2_2.00,327.29,279.54,1.49
B-n50-k8-r12_3_2_0.50,308.35,263.00,1.95
B-n50-k8-r12_3_2_1.00,314.40,261.10,1.99
B-n50-k8-r12_3_2_2.00,339.45,257.78,3.01
B-n50-k8-r12_1_3_0.50,288.41,222.89,0.90
B-n50-k8-r12_1_3_1.00,275.86,222.89,1.22
B-n50-k8-r12_1_3_2.00,288.50,222.89,1.28
B-n50-k8-r12_2_3_0.50,266.62,222.89,1.21
B-n50-k8-r12_2_3_1.00,285.78,222.89,1.75
B-n50-k8-r12_2_3_2.00,279.69,222.89,1.46
B-n50-k8-r12_3_3_0.50,268.60,222.89,1.41
B-n50-k8-r12_3_3_1.00,287.14,222.89,1.66
B-n50-k8-r12_3_3_2.00,273.54,222.89,0.91
B-n50-k8-r12_1_4_0.50,261.42,222.89,0.76
B-n50-k8-r12_1_4_1.00,254.58,222.89,1.60
B-n50-k8-r12_1_4_2.00,281.47,222.89,1.06
B-n50-k8-r12_2_4_0.50,255.56,222.89,1.03
B-n50-k8-r12_2_4_1.00,267.01,222.89,0.91
B-n50-k8-r12_2_4_2.00,238.87,222.89,0.81
B-n50-k8-r12_3_4_0.50,253.45,222.89,0.76
B-n50-k8-r12_3_4_1.00,247.19,222.89,0.72
B-n50-k8-r12_3_4_2.00,276.17,222.89,155.16
B-n50-k8-r12_1_8_0.50,227.35,222.89,1.02
B-n50-k8-r12_1_8_1.00,226.18,222.89,0.78
B-n50-k8-r12_1_8_2.00,222.98,222.89,0.76
B-n50-k8-r12_2_8_0.50,226.18,222.89,0.70
B-n50-k8-r12_2_8_1.00,222.89,222.89,0.76
B-n50-k8-r12_2_8_2.00,228.35,222.89,26.40
B-n50-k8-r12_3_8_0.50,226.04,222.89,1.19
B-n50-k8-r12_3_8_1.00,227.85,222.89,1.26
B-n50-k8-r12_3_8_2.00,227.47,222.89,1.01
B-n50-k8-r16_1_2_0.50,338.65,275.89,2.30
B-n50-k8-r16_1_2_1.00,314.07,263.74,1.38
B-n50-k8-r16_1_2_2.00,305.82,257.63,2.01
B-n50-k8-r16_2_2_0.50,314.18,266.81,3.99
B-n50-k8-r16_2_2_1.00,353.40,257.68,2.70
B-n50-k8-r16_2_2_2.00,296.39,274.40,1.23
B-n50-k8-r16_3_2_0.50,324.87,249.07,1.85
B-n50-k8-r16_3_2_1.00,299.11,249.22,1.52
B-n50-k8-r16_3_2_2.00,336.51,255.80,2.54
B-n50-k8-r16_1_3_0.50,283.88,249.07,1.85
B-n50-k8-r16_1_3_1.00,282.94,255.57,0.78
B-n50-k8-r16_1_3_2.00,290.01,255.57,0.80
B-n50-k8-r16_2_3_0.50,280.41,219.10,2.64
B-n50-k8-r16_2_3_1.00,299.06,264.26,0.77
B-n50-k8-r16_2_3_2.00,255.67,216.26,1.24
B-n50-k8-r16_3_3_0.50,260.67,216.26,2.06
B-n50-k8-r16_3_3_1.00,251.79,216.26,2.09
B-n50-k8-r16_3_3_2.00,264.12,216.26,1.11
B-n50-k8-r16_1_4_0.50,247.65,220.38,1.76
B-n50-k8-r16_1_4_1.00,257.91,211.28,0.75
B-n50-k8-r16_1_4_2.00,239.94,211.28,0.83
B-n50-k8-r16_2_4_0.50,233.62,211.28,0.78
B-n50-k8-r16_2_4_1.00,264.93,211.28,0.77
B-n50-k8-r16_2_4_2.00,267.03,211.28,0.79
B-n50-k8-r16_3_4_0.50,230.93,211.28,0.90
B-n50-k8-r16_3_4_1.00,229.28,211.28,0.78
B-n50-k8-r16_3_4_2.00,258.34,211.28,0.80
B-n50-k8-r16_1_8_0.50,224.72,213.56,0.73
B-n50-k8-r16_1_8_1.00,227.46,211.28,0.83
B-n50-k8-r16_1_8_2.00,229.15,211.28,1.07
B-n50-k8-r16_2_8_0.50,226.04,211.28,0.77
B-n50-k8-r16_2_8_1.00,228.21,211.28,0.76
B-n50-k8-r16_2_8_2.00,223.00,211.28,0.76
B-n50-k8-r16_3_8_0.50,211.28,211.28,0.75
B-n50-k8-r16_3_8_1.00,225.22,211.28,0.75
B-n50-k8-r16_3_8_2.00,227.21,211.28,0.81
B-n51-k7-r8_1_2_0.50,283.52,263.75,1.55
B-n51-k7-r8_1_2_1.00,331.83,257.84,2.05
B-n51-k7-r8_1_2_2.00,340.33,252.36,1.33
B-n51-k7-r8_2_2_0.50,300.06,221.01,2.49
B-n51-k7-r8_2_2_1.00,251.47,221.01,2.31
B-n51-k7-r8_2_2_2.00,346.55,221.01,2.39
B-n51-k7-r8_3_2_0.50,248.91,221.01,2.82
B-n51-k7-r8_3_2_1.00,279.28,252.36,1.66
B-n51-k7-r8_3_2_2.00,287.91,221.09,2.81
B-n51-k7-r8_1_3_0.50,224.95,202.65,2.45
B-n51-k7-r8_1_3_1.00,251.14,203.97,1.81
B-n51-k7-r8_1_3_2.00,216.00,195.54,0.98
B-n51-k7-r8_2_3_0.50,240.27,196.51,1.35
B-n51-k7-r8_2_3_1.00,223.46,195.54,0.77
B-n51-k7-r8_2_3_2.00,230.70,195.54,0.98
B-n51-k7-r8_3_3_0.50,261.28,199.74,1.16
B-n51-k7-r8_3_3_1.00,265.95,195.54,1.88
B-n51-k7-r8_3_3_2.00,213.71,195.54,1.04
B-n51-k7-r8_1_4_0.50,208.36,157.08,1.49
B-n51-k7-r8_1_4_1.00,226.95,174.05,1.46
B-n51-k7-r8_1_4_2.00,231.03,154.97,1.48
B-n51-k7-r8_2_4_0.50,230.43,154.97,1.66
B-n51-k7-r8_2_4_1.00,178.40,154.97,1.01
B-n51-k7-r8_2_4_2.00,197.87,154.97,1.54
B-n51-k7-r8_3_4_0.50,208.52,154.97,1.32
B-n51-k7-r8_3_4_1.00,227.90,154.97,1.27
B-n51-k7-r8_3_4_2.00,179.20,154.97,1.35
B-n51-k7-r8_1_7_0.50,147.13,143.31,1.18
B-n51-k7-r8_1_7_1.00,162.79,141.90,0.80
B-n51-k7-r8_1_7_2.00,150.45,141.90,1.16
B-n51-k7-r8_2_7_0.50,186.55,141.90,0.94
B-n51-k7-r8_2_7_1.00,156.12,141.90,0.96
B-n51-k7-r8_2_7_2.00,147.20,141.90,0.86
B-n51-k7-r8_3_7_0.50,171.91,141.90,1.18
B-n51-k7-r8_3_7_1.00,184.60,141.90,1.28
B-n51-k7-r8_3_7_2.00,177.07,141.90,1.14
B-n51-k7-r12_1_2_0.50,307.18,220.70,1.96
B-n51-k7-r12_1_2_1.00,294.73,198.22,3.49
B-n51-k7-r12_1_2_2.00,282.21,198.55,1.67
B-n51-k7-r12_2_2_0.50,330.85,212.16,5.97
B-n51-k7-r12_2_2_1.00,297.67,235.87,4.25
B-n51-k7-r12_2_2_2.00,317.13,230.13,4.20
B-n51-k7-r12_3_2_0.50,268.72,207.11,2.20
B-n51-k7-r12_3_2_1.00,255.67,198.55,1.26
B-n51-k7-r12_3_2_2.00,264.49,195.48,2.17
B-n51-k7-r12_1_3_0.50,223.99,209.53,1.96
B-n51-k7-r12_1_3_1.00,232.61,195.63,2.68
B-n51-k7-r12_1_3_2.00,261.02,199.58,1.02
B-n51-k7-r12_2_3_0.50,207.74,198.54,1.21
B-n51-k7-r12_2_3_1.00,231.49,190.65,1.58
B-n51-k7-r12_2_3_2.00,240.83,191.34,1.18
B-n51-k7-r12_3_3_0.50,229.41,195.48,0.93
B-n51-k7-r12_3_3_1.00,216.26,195.48,1.09
B-n51-k7-r12_3_3_2.00,214.00,195.48,1.05
B-n51-k7-r12_1_4_0.50,229.61,183.40,0.93
B-n51-k7-r12_1_4_1.00,187.10,147.67,1.88
B-n51-k7-r12_1_4_2.00,222.50,144.36,2.48
B-n51-k7-r12_2_4_0.50,239.78,147.12,3.42
B-n51-k7-r12_2_4_1.00,198.44,144.73,2.28
B-n51-k7-r12_2_4_2.00,214.55,144.36,1.35
B-n51-k7-r12_3_4_0.50,220.98,144.36,2.68
B-n51-k7-r12_3_4_1.00,187.10,144.36,1.32
B-n51-k7-r12_3_4_2.00,229.28,144.36,1.45
B-n51-k7-r12_1_7_0.50,150.45,144.47,1.02
B-n51-k7-r12_1_7_1.00,189.41,144.36,0.97
B-n51-k7-r12_1_7_2.00,148.46,144.36,0.89
B-n51-k7-r12_2_7_0.50,165.30,144.36,0.93
B-n51-k7-r12_2_7_1.00,190.73,133.97,1.01
B-n51-k7-r12_2_7_2.00,165.12,144.36,0.85
B-n51-k7-r12_3_7_0.50,174.29,144.36,0.87
B-n51-k7-r12_3_7_1.00,179.10,133.97,0.91
B-n51-k7-r12_3_7_2.00,183.95,144.36,0.83
B-n51-k7-r16_1_2_0.50,340.50,286.59,3.38
B-n51-k7-r16_1_2_1.00,362.30,215.61,2.13
B-n51-k7-r16_1_2_2.00,249.06,228.60,0.81
B-n51-k7-r16_2_2_0.50,278.03,222.05,1.35
B-n51-k7-r16_2_2_1.00,247.61,203.16,1.68
B-n51-k7-r16_2_2_2.00,260.45,205.57,1.91
B-n51-k7-r16_3_2_0.50,245.61,213.60,2.71
B-n51-k7-r16_3_2_1.00,257.60,242.73,1.49
B-n51-k7-r16_3_2_2.00,336.71,233.51,3.17
B-n51-k7-r16_1_3_0.50,262.66,204.02,2.75
B-n51-k7-r16_1_3_1.00,233.64,212.65,0.84
B-n51-k7-r16_1_3_2.00,220.49,194.58,1.32
B-n51-k7-r16_2_3_0.50,258.71,202.19,1.25
B-n51-k7-r16_2_3_1.00,273.84,203.16,1.72
B-n51-k7-r16_2_3_2.00,223.49,182.75,1.58
B-n51-k7-r16_3_3_0.50,244.78,194.80,0.96
B-n51-k7-r16_3_3_1.00,232.03,205.93,1.05
B-n51-k7-r16_3_3_2.00,225.33,201.23,1.44
B-n51-k7-r16_1_4_0.50,225.89,163.61,1.71
B-n51-k7-r16_1_4_1.00,191.43,151.03,1.48
B-n51-k7-r16_1_4_2.00,182.17,142.68,1.59
B-n51-k7-r16_2_4_0.50,230.77,159.56,3.08
B-n51-k7-r16_2_4_1.00,214.95,143.37,3.24
B-n51-k7-r16_2_4_2.00,214.07,141.63,2.01
B-n51-k7-r16_3_4_0.50,182.56,159.32,1.13
B-n51-k7-r16_3_4_1.00,186.95,151.81,1.02
B-n51-k7-r16_3_4_2.00,155.46,147.44,1.12
B-n51-k7-r16_1_7_0.50,169.15,152.07,0.73
B-n51-k7-r16_1_7_1.00,191.45,141.52,1.13
B-n51-k7-r16_1_7_2.00,157.27,141.63,0.91
B-n51-k7-r16_2_7_0.50,190.97,141.63,1.61
B-n51-k7-r16_2_7_1.00,164.41,141.63,1.17
B-n51-k7-r16_2_7_2.00,150.45,141.63,0.93
B-n51-k7-r16_3_7_0.50,191.26,141.63,1.12
B-n51-k7-r16_3_7_1.00,154.36,141.63,1.08
B-n51-k7-r16_3_7_2.00,160.10,141.63,0.82
B-n52-k7-r8_1_2_0.50,219.01,196.08,1.62
B-n52-k7-r8_1_2_1.00,255.51,180.05,3.21
B-n52-k7-r8_1_2_2.00,229.28,182.12,2.16
B-n52-k7-r8_2_2_0.50,232.84,201.95,2.21
B-n52-k7-r8_2_2_1.00,212.31,179.38,3.91
B-n52-k7-r8_2_2_2.00,207.30,187.23,1.17
B-n52-k7-r8_3_2_0.50,226.74,180.60,3.60
B-n52-k7-r8_3_2_1.00,270.71,218.69,2.87
B-n52-k7-r8_3_2_2.00,245.97,216.00,1.74
B-n52-k7-r8_1_3_0.50,202.78,164.91,1.45
B-n52-k7-r8_1_3_1.00,239.69,148.53,1.30
B-n52-k7-r8_1_3_2.00,156.85,147.44,0.91
B-n52-k7-r8_2_3_0.50,168.72,148.61,1.64
B-n52-k7-r8_2_3_1.00,178.65,147.44,1.17
B-n52-k7-r8_2_3_2.00,160.08,147.44,1.41
B-n52-k7-r8_3_3_0.50,190.84,147.82,1.61
B-n52-k7-r8_3_3_1.00,204.49,147.44,1.74
B-n52-k7-r8_3_3_2.00,158.58,147.44,1.29
B-n52-k7-r8_1_4_0.50,192.03,146.77,1.72
B-n52-k7-r8_1_4_1.00,161.78,148.58,1.25
B-n52-k7-r8_1_4_2.00,164.47,143.23,1.01
B-n52-k7-r8_2_4_0.50,176.11,149.20,1.12
B-n52-k7-r8_2_4_1.00,160.10,134.67,3.81
B-n52-k7-r8_2_4_2.00,186.67,147.44,1.01
B-n52-k7-r8_3_4_0.50,165.44,133.96,3.21
B-n52-k7-r8_3_4_1.00,179.35,139.50,1.55
B-n52-k7-r8_3_4_2.00,152.30,133.96,3.06
B-n52-k7-r8_1_7_0.50,151.47,140.83,1.67
B-n52-k7-r8_1_7_1.00,147.50,132.86,1.52
B-n52-k7-r8_1_7_2.00,149.79,133.96,1.34
B-n52-k7-r8_2_7_0.50,147.80,134.67,1.46
B-n52-k7-r8_2_7_1.00,157.62,132.86,1.35
B-n52-k7-r8_2_7_2.00,142.72,132.86,1.03
B-n52-k7-r8_3_7_0.50,159.45,132.86,1.42
B-n52-k7-r8_3_7_1.00,142.84,132.86,1.22
B-n52-k7-r8_3_7_2.00,174.68,132.86,1.62
B-n52-k7-r12_1_2_0.50,258.63,221.51,2.56
B-n52-k7-r12_1_2_1.00,221.53,179.20,2.22
B-n52-k7-r12_1_2_2.00,226.31,169.61,4.43
B-n52-k7-r12_2_2_0.50,226.22,197.59,1.47
B-n52-k7-r12_2_2_1.00,222.10,171.02,2.46
B-n52-k7-r12_2_2_2.00,269.52,180.01,2.07
B-n52-k7-r12_3_2_0.50,253.83,190.86,4.30
B-n52-k7-r12_3_2_1.00,240.16,166.96,2.86
B-n52-k7-r12_3_2_2.00,207.22,174.04,66.67
B-n52-k7-r12_1_3_0.50,187.79,173.25,3.43
B-n52-k7-r12_1_3_1.00,213.50,186.30,7.38
B-n52-k7-r12_1_3_2.00,213.26,139.31,2.70
B-n52-k7-r12_2_3_0.50,179.02,152.05,3.42
B-n52-k7-r12_2_3_1.00,173.76,142.27,3.34
B-n52-k7-r12_2_3_2.00,156.23,137.26,2.84
B-n52-k7-r12_3_3_0.50,200.06,168.27,1.59
B-n52-k7-r12_3_3_1.00,199.49,137.26,1.60
B-n52-k7-r12_3_3_2.00,151.55,137.26,1.33
B-n52-k7-r12_1_4_0.50,175.24,147.37,1.88
B-n52-k7-r12_1_4_1.00,180.21,144.54,1.32
B-n52-k7-r12_1_4_2.00,162.13,137.33,1.64
B-n52-k7-r12_2_4_0.50,175.53,152.05,1.30
B-n52-k7-r12_2_4_1.00,208.62,137.26,1.61
B-n52-k7-r12_2_4_2.00,151.25,137.26,35.27
B-n52-k7-r12_3_4_0.50,173.87,143.95,4.07
B-n52-k7-r12_3_4_1.00,162.67,137.26,1.41
B-n52-k7-r12_3_4_2.00,171.80,137.26,54.79
B-n52-k7-r12_1_7_0.50,155.31,141.98,2.10
B-n52-k7-r12_1_7_1.00,158.32,137.46,2.21
B-n52-k7-r12_1_7_2.00,149.05,137.26,1.38
B-n52-k7-r12_2_7_0.50,159.53,139.88,1.32
B-n52-k7-r12_2_7_1.00,166.27,137.26,1.27
B-n52-k7-r12_2_7_2.00,160.96,137.26,1.30
B-n52-k7-r12_3_7_0.50,144.69,138.88,3.14
B-n52-k7-r12_3_7_1.00,159.49,137.26,1.25
B-n52-k7-r12_3_7_2.00,158.34,137.26,0.82
B-n52-k7-r16_1_2_0.50,246.79,201.70,1.21
B-n52-k7-r16_1_2_1.00,252.13,184.98,2.52
B-n52-k7-r16_1_2_2.00,239.09,164.12,1.73
B-n52-k7-r16_2_2_0.50,253.16,185.39,2.48
B-n52-k7-r16_2_2_1.00,246.40,174.96,1.59
B-n52-k7-r16_2_2_2.00,264.59,151.21,1.54
B-n52-k7-r16_3_2_0.50,295.19,176.66,4.43
B-n52-k7-r16_3_2_1.00,233.78,162.93,3.34
B-n52-k7-r16_3_2_2.00,231.38,151.21,2.40
B-n52-k7-r16_1_3_0.50,203.97,174.10,0.84
B-n52-k7-r16_1_3_1.00,211.84,171.01,0.89
B-n52-k7-r16_1_3_2.00,211.96,158.62,1.67
B-n52-k7-r16_2_3_0.50,211.83,152.47,1.93
B-n52-k7-r16_2_3_1.00,208.62,142.40,1.36
B-n52-k7-r16_2_3_2.00,196.39,127.01,1.91
B-n52-k7-r16_3_3_0.50,183.29,172.30,0.88
B-n52-k7-r16_3_3_1.00,196.67,133.39,1.47
B-n52-k7-r16_3_3_2.00,163.67,127.01,1.30
B-n52-k7-r16_1_4_0.50,153.11,148.58,1.96
B-n52-k7-r16_1_4_1.00,170.49,143.01,1.76
B-n52-k7-r16_1_4_2.00,192.58,134.56,1.76
B-n52-k7-r16_2_4_0.50,215.22,145.76,2.85
B-n52-k7-r16_2_4_1.00,159.91,135.20,2.29
B-n52-k7-r16_2_4_2.00,186.34,127.01,0.96
B-n52-k7-r16_3_4_0.50,195.02,143.93,1.00
B-n52-k7-r16_3_4_1.00,176.31,131.42,0.99
B-n52-k7-r16_3_4_2.00,148.91,127.01,0.87
B-n52-k7-r16_1_7_0.50,155.16,140.15,0.99
B-n52-k7-r16_1_7_1.00,165.27,138.38,1.24
B-n52-k7-r16_1_7_2.00,144.01,134.00,1.21
B-n52-k7-r16_2_7_0.50,148.52,138.68,2.34
B-n52-k7-r16_2_7_1.00,146.35,132.03,3.26
B-n52-k7-r16_2_7_2.00,140.68,127.01,1.08
B-n52-k7-r16_3_7_0.50,159.15,137.26,2.59
B-n52-k7-r16_3_7_1.00,143.07,127.01,2.19
B-n52-k7-r16_3_7_2.00,145.82,127.01,1.02
B-n56-k7-r8_1_2_0.50,274.37,191.39,2.49
B-n56-k7-r8_1_2_1.00,274.13,188.62,3.66
B-n56-k7-r8_1_2_2.00,224.82,178.66,2.45
B-n56-k7-r8_2_2_0.50,222.10,179.74,4.41
B-n56-k7-r8_2_2_1.00,223.24,178.66,2.48
B-n56-k7-r8_2_2_2.00,202.08,178.66,2.65
B-n56-k7-r8_3_2_0.50,266.30,178.74,2.80
B-n56-k7-r8_3_2_1.00,224.16,179.91,2.54
B-n56-k7-r8_3_2_2.00,246.47,179.61,3.06
B-n56-k7-r8_1_3_0.50,190.56,179.74,1.40
B-n56-k7-r8_1_3_1.00,196.27,176.37,1.34
B-n56-k7-r8_1_3_2.00,191.73,176.37,1.46
B-n56-k7-r8_2_3_0.50,187.83,176.37,1.07
B-n56-k7-r8_2_3_1.00,229.34,176.37,1.48
B-n56-k7-r8_2_3_2.00,195.37,176.37,1.12
B-n56-k7-r8_3_3_0.50,229.69,176.37,1.97
B-n56-k7-r8_3_3_1.00,197.91,177.08,0.85
B-n56-k7-r8_3_3_2.00,189.69,176.37,1.00
B-n56-k7-r8_1_4_0.50,186.10,176.37,0.81
B-n56-k7-r8_1_4_1.00,191.95,176.37,0.75
B-n56-k7-r8_1_4_2.00,193.49,176.37,0.83
B-n56-k7-r8_2_4_0.50,191.80,176.37,0.74
B-n56-k7-r8_2_4_1.00,186.10,176.37,0.82
B-n56-k7-r8_2_4_2.00,185.92,176.37,0.78
B-n56-k7-r8_3_4_0.50,233.81,176.37,0.81
B-n56-k7-r8_3_4_1.00,187.68,176.37,0.78
B-n56-k7-r8_3_4_2.00,185.84,176.37,0.77
B-n56-k7-r8_1_7_0.50,182.55,176.37,0.72
B-n56-k7-r8_1_7_1.00,183.16,176.37,0.73
B-n56-k7-r8_1_7_2.00,177.09,176.37,0.78
B-n56-k7-r8_2_7_0.50,176.39,176.37,0.74
B-n56-k7-r8_2_7_1.00,182.47,176.37,0.77
B-n56-k7-r8_2_7_2.00,176.37,176.37,0.73
B-n56-k7-r8_3_7_0.50,185.78,176.37,0.73
B-n56-k7-r8_3_7_1.00,176.41,176.37,0.79
B-n56-k7-r8_3_7_2.00,177.26,176.37,0.77
B-n56-k7-r12_1_2_0.50,234.09,180.38,5.56
B-n56-k7-r12_1_2_1.00,215.91,168.61,4.17
B-n56-k7-r12_1_2_2.00,232.23,160.13,1.97
B-n56-k7-r12_2_2_0.50,261.76,169.06,5.22
B-n56-k7-r12_2_2_1.00,212.58,167.95,2.32
B-n56-k7-r12_2_2_2.00,207.07,160.13,1.51
B-n56-k7-r12_3_2_0.50,217.49,173.14,2.07
B-n56-k7-r12_3_2_1.00,198.30,160.13,2.09
B-n56-k7-r12_3_2_2.00,209.02,160.13,1.33
B-n56-k7-r12_1_3_0.50,195.84,177.20,1.10
B-n56-k7-r12_1_3_1.00,186.44,172.11,1.03
B-n56-k7-r12_1_3_2.00,198.25,160.13,1.01
B-n56-k7-r12_2_3_0.50,189.75,166.41,1.64
B-n56-k7-r12_2_3_1.00,180.06,160.13,0.96
B-n56-k7-r12_2_3_2.00,186.28,159.90,1.10
B-n56-k7-r12_3_3_0.50,266.89,160.35,1.73
B-n56-k7-r12_3_3_1.00,195.55,159.90,1.06
B-n56-k7-r12_3_3_2.00,202.82,159.90,0.97
B-n56-k7-r12_1_4_0.50,186.48,171.76,2.33
B-n56-k7-r12_1_4_1.00,186.12,166.22,0.94
B-n56-k7-r12_1_4_2.00,178.10,159.90,0.79
B-n56-k7-r12_2_4_0.50,186.80,166.37,1.31
B-n56-k7-r12_2_4_1.00,190.73,159.90,1.02
B-n56-k7-r12_2_4_2.00,175.18,159.90,0.78
B-n56-k7-r12_3_4_0.50,171.38,159.90,0.79
B-n56-k7-r12_3_4_1.00,170.05,159.90,0.83
B-n56-k7-r12_3_4_2.00,186.88,160.13,0.88
B-n56-k7-r12_1_7_0.50,184.44,171.23,0.82
B-n56-k7-r12_1_7_1.00,189.41,166.22,0.76
B-n56-k7-r12_1_7_2.00,167.55,159.90,0.77
B-n56-k7-r12_2_7_0.50,182.47,166.37,0.78
B-n56-k7-r12_2_7_1.00,182.47,159.90,0.78
B-n56-k7-r12_2_7_2.00,171.23,159.90,0.83
B-n56-k7-r12_3_7_0.50,171.46,159.90,0.80
B-n56-k7-r12_3_7_1.00,185.77,159.90,0.85
B-n56-k7-r12_3_7_2.00,159.90,159.90,0.72
B-n56-k7-r16_1_2_0.50,218.08,189.81,6.48
B-n56-k7-r16_1_2_1.00,199.74,174.63,2.65
B-n56-k7-r16_1_2_2.00,191.03,164.29,1.21
B-n56-k7-r16_2_2_0.50,215.58,179.05,1.72
B-n56-k7-r16_2_2_1.00,228.80,173.14,3.82
B-n56-k7-r16_2_2_2.00,216.64,160.07,2.38
B-n56-k7-r16_3_2_0.50,246.77,180.07,3.18
B-n56-k7-r16_3_2_1.00,219.23,179.86,1.47
B-n56-k7-r16_3_2_2.00,293.69,153.01,2.02
B-n56-k7-r16_1_3_0.50,214.01,179.33,1.69
B-n56-k7-r16_1_3_1.00,192.94,172.41,1.54
B-n56-k7-r16_1_3_2.00,204.41,173.06,1.01
B-n56-k7-r16_2_3_0.50,202.47,184.38,1.06
B-n56-k7-r16_2_3_1.00,265.14,154.16,2.37
B-n56-k7-r16_2_3_2.00,192.55,152.87,0.81
B-n56-k7-r16_3_3_0.50,196.64,167.69,2.78
B-n56-k7-r16_3_3_1.00,214.73,152.87,1.31
B-n56-k7-r16_3_3_2.00,169.57,152.87,1.29
B-n56-k7-r16_1_4_0.50,186.52,175.13,1.21
B-n56-k7-r16_1_4_1.00,181.67,171.39,0.73
B-n56-k7-r16_1_4_2.00,174.93,151.14,1.43
B-n56-k7-r16_2_4_0.50,208.94,171.39,0.95
B-n56-k7-r16_2_4_1.00,203.02,151.14,0.90
B-n56-k7-r16_2_4_2.00,229.55,151.14,0.78
B-n56-k7-r16_3_4_0.50,194.81,171.23,0.98
B-n56-k7-r16_3_4_1.00,185.26,151.14,1.19
B-n56-k7-r16_3_4_2.00,183.97,151.14,1.51
B-n56-k7-r16_1_7_0.50,185.77,174.93,0.73
B-n56-k7-r16_1_7_1.00,182.49,171.23,0.73
B-n56-k7-r16_1_7_2.00,171.23,151.14,0.74
B-n56-k7-r16_2_7_0.50,182.55,171.23,0.75
B-n56-k7-r16_2_7_1.00,182.92,151.14,0.85
B-n56-k7-r16_2_7_2.00,184.37,151.14,0.74
B-n56-k7-r16_3_7_0.50,183.69,167.55,1.04
B-n56-k7-r16_3_7_1.00,183.78,151.14,0.76
B-n56-k7-r16_3_7_2.00,182.47,151.14,0.83
B-n57-k7-r8_1_2_0.50,269.78,246.63,2.15
B-n57-k7-r8_1_2_1.00,290.61,239.32,2.34
B-n57-k7-r8_1_2_2.00,289.76,233.89,1.62
B-n57-k7-r8_2_2_0.50,352.46,236.77,3.55
B-n57-k7-r8_2_2_1.00,344.39,234.54,2.15
B-n57-k7-r8_2_2_2.00,285.60,232.83,2.70
B-n57-k7-r8_3_2_0.50,274.09,234.44,4.65
B-n57-k7-r8_3_2_1.00,322.00,233.75,5.11
B-n57-k7-r8_3_2_2.00,296.83,232.83,3.16
B-n57-k7-r8_1_3_0.50,246.02,200.46,3.30
B-n57-k7-r8_1_3_1.00,233.42,197.63,7.79
B-n57-k7-r8_1_3_2.00,242.20,198.79,1.92
B-n57-k7-r8_2_3_0.50,224.35,198.79,1.27
B-n57-k7-r8_2_3_1.00,245.41,227.10,1.03
B-n57-k7-r8_2_3_2.00,235.50,197.52,2.32
B-n57-k7-r8_3_3_0.50,298.42,211.99,1.05
B-n57-k7-r8_3_3_1.00,240.19,201.74,1.05
B-n57-k7-r8_3_3_2.00,224.78,198.79,1.37
B-n57-k7-r8_1_4_0.50,207.66,190.66,0.75
B-n57-k7-r8_1_4_1.00,298.26,190.66,0.94
B-n57-k7-r8_1_4_2.00,229.31,190.66,1.36
B-n57-k7-r8_2_4_0.50,213.61,190.66,1.06
B-n57-k7-r8_2_4_1.00,210.37,190.66,0.85
B-n57-k7-r8_2_4_2.00,242.75,190.66,1.14
B-n57-k7-r8_3_4_0.50,295.02,191.03,1.16
B-n57-k7-r8_3_4_1.00,202.78,192.54,1.09
B-n57-k7-r8_3_4_2.00,208.18,191.03,0.86
B-n57-k7-r8_1_7_0.50,193.47,187.04,0.85
B-n57-k7-r8_1_7_1.00,194.62,187.04,0.85
B-n57-k7-r8_1_7_2.00,240.44,187.04,1.07
B-n57-k7-r8_2_7_0.50,196.05,187.04,1.09
B-n57-k7-r8_2_7_1.00,192.87,187.04,1.06
B-n57-k7-r8_2_7_2.00,191.57,187.04,0.87
B-n57-k7-r8_3_7_0.50,204.52,187.04,0.83
B-n57-k7-r8_3_7_1.00,190.81,187.04,1.05
B-n57-k7-r8_3_7_2.00,192.54,190.66,0.72
B-n57-k7-r12_1_2_0.50,265.42,251.62,2.58
B-n57-k7-r12_1_2_1.00,272.83,243.91,2.04
B-n57-k7-r12_1_2_2.00,339.89,234.96,3.64
B-n57-k7-r12_2_2_0.50,291.71,242.58,2.03
B-n57-k7-r12_2_2_1.00,295.08,239.32,3.44
B-n57-k7-r12_2_2_2.00,307.18,229.71,1.41
B-n57-k7-r12_3_2_0.50,276.21,234.34,2.13
B-n57-k7-r12_3_2_1.00,304.44,243.91,1.65
B-n57-k7-r12_3_2_2.00,293.95,226.30,2.45
B-n57-k7-r12_1_3_0.50,299.01,203.17,4.04
B-n57-k7-r12_1_3_1.00,254.73,199.41,2.27
B-n57-k7-r12_1_3_2.00,261.25,221.01,0.96
B-n57-k7-r12_2_3_0.50,256.89,199.95,3.49
B-n57-k7-r12_2_3_1.00,240.22,199.38,1.99
B-n57-k7-r12_2_3_2.00,280.00,199.38,1.69
B-n57-k7-r12_3_3_0.50,303.15,199.38,1.49
B-n57-k7-r12_3_3_1.00,242.69,199.38,1.74
B-n57-k7-r12_3_3_2.00,258.27,221.01,1.49
B-n57-k7-r12_1_4_0.50,207.63,195.74,1.02
B-n57-k7-r12_1_4_1.00,227.43,193.05,1.19
B-n57-k7-r12_1_4_2.00,249.77,190.66,1.05
B-n57-k7-r12_2_4_0.50,221.98,190.66,0.99
B-n57-k7-r12_2_4_1.00,224.79,191.52,0.92
B-n57-k7-r12_2_4_2.00,205.34,190.66,1.42
B-n57-k7-r12_3_4_0.50,205.18,190.66,0.94
B-n57-k7-r12_3_4_1.00,253.07,192.78,1.17
B-n57-k7-r12_3_4_2.00,207.10,190.66,0.78
B-n57-k7-r12_1_7_0.50,190.68,185.71,1.17
B-n57-k7-r12_1_7_1.00,191.50,185.43,1.03
B-n57-k7-r12_1_7_2.00,193.58,185.37,1.00
B-n57-k7-r12_2_7_0.50,211.95,185.37,1.53
B-n57-k7-r12_2_7_1.00,201.95,190.66,1.08
B-n57-k7-r12_2_7_2.00,221.15,185.37,1.12
B-n57-k7-r12_3_7_0.50,227.36,185.37,0.88
B-n57-k7-r12_3_7_1.00,195.14,185.37,1.15
B-n57-k7-r12_3_7_2.00,193.12,185.37,1.03
B-n57-k7-r16_1_2_0.50,307.27,258.86,2.52
B-n57-k7-r16_1_2_1.00,285.10,230.93,4.53
B-n57-k7-r16_1_2_2.00,264.83,248.90,1.57
B-n57-k7-r16_2_2_0.50,310.14,293.62,1.40
B-n57-k7-r16_2_2_1.00,310.49,230.59,2.30
B-n57-k7-r16_2_2_2.00,319.53,228.24,2.57
B-n57-k7-r16_3_2_0.50,273.34,253.63,0.99
B-n57-k7-r16_3_2_1.00,320.90,274.77,0.85
B-n57-k7-r16_3_2_2.00,273.37,221.36,3.34
B-n57-k7-r16_1_3_0.50,231.30,205.44,1.17
B-n57-k7-r16_1_3_1.00,231.41,202.56,1.76
B-n57-k7-r16_1_3_2.00,241.09,195.63,1.70
B-n57-k7-r16_2_3_0.50,256.39,203.90,1.18
B-n57-k7-r16_2_3_1.00,246.76,197.01,2.02
B-n57-k7-r16_2_3_2.00,268.00,192.07,1.48
B-n57-k7-r16_3_3_0.50,228.10,199.81,2.95
B-n57-k7-r16_3_3_1.00,301.89,195.09,5.16
B-n57-k7-r16_3_3_2.00,279.10,195.09,4.81
B-n57-k7-r16_1_4_0.50,211.13,202.60,0.93
B-n57-k7-r16_1_4_1.00,225.57,200.88,0.98
B-n57-k7-r16_1_4_2.00,198.23,196.60,0.85
B-n57-k7-r16_2_4_0.50,245.28,192.45,1.31
B-n57-k7-r16_2_4_1.00,229.63,190.68,1.76
B-n57-k7-r16_2_4_2.00,215.64,192.07,0.80
B-n57-k7-r16_3_4_0.50,226.88,200.81,1.04
B-n57-k7-r16_3_4_1.00,219.96,192.07,0.87
B-n57-k7-r16_3_4_2.00,223.44,192.07,1.16
B-n57-k7-r16_1_7_0.50,210.98,191.61,1.16
B-n57-k7-r16_1_7_1.00,200.44,190.68,0.80
B-n57-k7-r16_1_7_2.00,191.61,190.68,0.86
B-n57-k7-r16_2_7_0.50,200.10,190.68,0.84
B-n57-k7-r16_2_7_1.00,198.25,190.68,0.81
B-n57-k7-r16_2_7_2.00,192.45,190.68,0.81
B-n57-k7-r16_3_7_0.50,222.10,190.68,0.82
B-n57-k7-r16_3_7_1.00,202.09,190.68,0.80
B-n57-k7-r16_3_7_2.00,194.33,190.68,0.75
B-n57-k9-r8_1_2_0.50,330.13,267.09,2.82
B-n57-k9-r8_1_2_1.00,300.73,281.82,1.92
B-n57-k9-r8_1_2_2.00,335.74,279.19,2.44
B-n57-k9-r8_2_2_0.50,316.33,258.92,2.22
B-n57-k9-r8_2_2_1.00,315.12,277.22,3.46
B-n57-k9-r8_2_2_2.00,317.05,258.91,2.65
B-n57-k9-r8_3_2_0.50,320.36,258.91,2.24
B-n57-k9-r8_3_2_1.00,323.69,266.85,2.93
B-n57-k9-r8_3_2_2.00,307.05,281.82,2.36
B-n57-k9-r8_1_3_0.50,271.70,226.88,1.73
B-n57-k9-r8_1_3_1.00,260.13,225.44,1.53
B-n57-k9-r8_1_3_2.00,294.51,233.39,1.62
B-n57-k9-r8_2_3_0.50,257.27,225.44,2.09
B-n57-k9-r8_2_3_1.00,279.21,231.55,2.91
B-n57-k9-r8_2_3_2.00,261.54,225.44,2.19
B-n57-k9-r8_3_3_0.50,267.34,235.37,2.11
B-n57-k9-r8_3_3_1.00,290.41,238.25,2.01
B-n57-k9-r8_3_3_2.00,274.26,225.44,2.18
B-n57-k9-r8_1_4_0.50,257.48,225.52,1.52
B-n57-k9-r8_1_4_1.00,259.92,212.78,3.74
B-n57-k9-r8_1_4_2.00,245.65,212.61,1.28
B-n57-k9-r8_2_4_0.50,257.76,212.78,1.41
B-n57-k9-r8_2_4_1.00,249.92,212.61,1.85
B-n57-k9-r8_2_4_2.00,231.12,212.61,0.97
B-n57-k9-r8_3_4_0.50,252.97,212.61,0.96
B-n57-k9-r8_3_4_1.00,282.74,212.61,1.15
B-n57-k9-r8_3_4_2.00,270.05,212.61,1.35
B-n57-k9-r8_1_9_0.50,222.74,209.42,0.79
B-n57-k9-r8_1_9_1.00,222.80,208.01,0.73
B-n57-k9-r8_1_9_2.00,208.01,208.01,0.64
B-n57-k9-r8_2_9_0.50,222.81,208.01,0.68
B-n57-k9-r8_2_9_1.00,223.93,208.01,0.74
B-n57-k9-r8_2_9_2.00,223.74,208.01,0.75
B-n57-k9-r8_3_9_0.50,256.71,208.01,0.67
B-n57-k9-r8_3_9_1.00,227.74,208.01,0.76
B-n57-k9-r8_3_9_2.00,221.65,208.01,0.73
B-n57-k9-r12_1_2_0.50,303.11,271.05,1.25
B-n57-k9-r12_1_2_1.00,324.01,268.86,6.43
B-n57-k9-r12_1_2_2.00,281.93,246.31,2.22
B-n57-k9-r12_2_2_0.50,314.76,256.53,3.91
B-n57-k9-r12_2_2_1.00,303.21,250.98,2.16
B-n57-k9-r12_2_2_2.00,316.12,265.74,0.90
B-n57-k9-r12_3_2_0.50,318.10,252.51,1.91
B-n57-k9-r12_3_2_1.00,301.50,246.41,1.31
B-n57-k9-r12_3_2_2.00,271.01,246.31,3.83
B-n57-k9-r12_1_3_0.50,267.18,230.72,3.18
B-n57-k9-r12_1_3_1.00,270.20,222.86,2.10
B-n57-k9-r12_1_3_2.00,298.72,216.66,2.18
B-n57-k9-r12_2_3_0.50,274.88,218.39,2.43
B-n57-k9-r12_2_3_1.00,268.48,216.66,2.71
B-n57-k9-r12_2_3_2.00,264.11,216.66,3.09
B-n57-k9-r12_3_3_0.50,253.63,220.96,2.28
B-n57-k9-r12_3_3_1.00,260.08,216.66,1.49
B-n57-k9-r12_3_3_2.00,257.05,216.66,1.42
B-n57-k9-r12_1_4_0.50,235.40,228.28,1.11
B-n57-k9-r12_1_4_1.00,273.40,212.77,2.11
B-n57-k9-r12_1_4_2.00,252.93,201.38,1.36
B-n57-k9-r12_2_4_0.50,253.78,216.65,1.41
B-n57-k9-r12_2_4_1.00,237.96,200.81,2.41
B-n57-k9-r12_2_4_2.00,238.72,200.89,2.08
B-n57-k9-r12_3_4_0.50,265.71,202.72,2.22
B-n57-k9-r12_3_4_1.00,259.62,216.65,1.04
B-n57-k9-r12_3_4_2.00,273.15,200.49,3.55
B-n57-k9-r12_1_9_0.50,222.87,210.62,0.84
B-n57-k9-r12_1_9_1.00,223.26,203.96,0.89
B-n57-k9-r12_1_9_2.00,200.00,200.00,0.74
B-n57-k9-r12_2_9_0.50,224.90,204.97,0.81
B-n57-k9-r12_2_9_1.00,213.34,200.00,0.80
B-n57-k9-r12_2_9_2.00,223.48,200.00,0.81
B-n57-k9-r12_3_9_0.50,223.37,200.00,0.81
B-n57-k9-r12_3_9_1.00,222.80,200.00,0.91
B-n57-k9-r12_3_9_2.00,215.01,200.00,0.80
B-n57-k9-r16_1_2_0.50,304.79,274.68,1.26
B-n57-k9-r16_1_2_1.00,312.12,265.91,3.46
B-n57-k9-r16_1_2_2.00,325.30,243.94,1.87
B-n57-k9-r16_2_2_0.50,344.13,281.64,4.59
B-n57-k9-r16_2_2_1.00,269.11,255.08,1.45
B-n57-k9-r16_2_2_2.00,321.68,255.40,0.96
B-n57-k9-r16_3_2_0.50,287.72,255.87,0.92
B-n57-k9-r16_3_2_1.00,333.34,252.90,1.70
B-n57-k9-r16_3_2_2.00,320.16,240.73,2.09
B-n57-k9-r16_1_3_0.50,290.09,257.90,1.67
B-n57-k9-r16_1_3_1.00,246.74,220.98,4.93
B-n57-k9-r16_1_3_2.00,293.81,214.34,1.18
B-n57-k9-r16_2_3_0.50,290.57,218.06,4.20
B-n57-k9-r16_2_3_1.00,284.43,214.34,1.26
B-n57-k9-r16_2_3_2.00,259.56,206.41,1.96
B-n57-k9-r16_3_3_0.50,263.52,219.07,2.25
B-n57-k9-r16_3_3_1.00,259.55,199.90,1.85
B-n57-k9-r16_3_3_2.00,280.62,209.72,1.83
B-n57-k9-r16_1_4_0.50,247.99,228.41,1.39
B-n57-k9-r16_1_4_1.00,238.20,215.53,0.87
B-n57-k9-r16_1_4_2.00,255.41,201.56,1.61
B-n57-k9-r16_2_4_0.50,279.51,216.66,2.59
B-n57-k9-r16_2_4_1.00,267.28,201.63,1.78
B-n57-k9-r16_2_4_2.00,265.80,199.28,0.99
B-n57-k9-r16_3_4_0.50,274.99,205.69,2.51
B-n57-k9-r16_3_4_1.00,234.19,200.56,2.11
B-n57-k9-r16_3_4_2.00,244.37,202.73,0.87
B-n57-k9-r16_1_9_0.50,224.85,211.11,1.26
B-n57-k9-r16_1_9_1.00,251.65,205.68,1.85
B-n57-k9-r16_1_9_2.00,221.71,199.28,0.79
B-n57-k9-r16_2_9_0.50,223.72,208.63,1.79
B-n57-k9-r16_2_9_1.00,222.80,199.28,0.79
B-n57-k9-r16_2_9_2.00,222.72,199.28,0.81
B-n57-k9-r16_3_9_0.50,223.66,200.18,0.81
B-n57-k9-r16_3_9_1.00,221.19,199.28,0.82
B-n57-k9-r16_3_9_2.00,210.64,199.28,0.73
B-n63-k10-r8_1_2_0.50,353.39,280.18,2.03
B-n63-k10-r8_1_2_1.00,336.57,282.14,2.17
B-n63-k10-r8_1_2_2.00,318.96,281.03,4.11
B-n63-k10-r8_2_2_0.50,340.38,283.81,2.12
B-n63-k10-r8_2_2_1.00,332.11,278.30,1.54
B-n63-k10-r8_2_2_2.00,332.58,273.73,1.47
B-n63-k10-r8_3_2_0.50,307.34,270.64,3.62
B-n63-k10-r8_3_2_1.00,321.32,273.43,2.12
B-n63-k10-r8_3_2_2.00,318.80,295.04,1.06
B-n63-k10-r8_1_3_0.50,277.14,232.40,2.36
B-n63-k10-r8_1_3_1.00,297.74,230.86,3.09
B-n63-k10-r8_1_3_2.00,256.33,221.33,2.15
B-n63-k10-r8_2_3_0.50,246.44,243.68,1.79
B-n63-k10-r8_2_3_1.00,286.28,221.33,2.21
B-n63-k10-r8_2_3_2.00,282.36,221.38,3.53
B-n63-k10-r8_3_3_0.50,309.31,237.72,1.07
B-n63-k10-r8_3_3_1.00,291.87,221.33,2.41
B-n63-k10-r8_3_3_2.00,294.94,228.74,1.82
B-n63-k10-r8_1_4_0.50,244.95,217.92,0.96
B-n63-k10-r8_1_4_1.00,244.76,217.92,0.81
B-n63-k10-r8_1_4_2.00,282.49,224.81,1.27
B-n63-k10-r8_2_4_0.50,282.77,226.12,2.34
B-n63-k10-r8_2_4_1.00,235.90,220.01,2.29
B-n63-k10-r8_2_4_2.00,248.35,217.92,1.54
B-n63-k10-r8_3_4_0.50,275.25,217.92,1.33
B-n63-k10-r8_3_4_1.00,272.10,217.92,0.91
B-n63-k10-r8_3_4_2.00,282.64,239.02,0.99
B-n63-k10-r8_1_10_0.50,210.47,201.40,0.72
B-n63-k10-r8_1_10_1.00,235.95,201.40,0.66
B-n63-k10-r8_1_10_2.00,208.51,201.40,0.79
B-n63-k10-r8_2_10_0.50,220.78,201.40,0.67
B-n63-k10-r8_2_10_1.00,223.76,201.40,0.78
B-n63-k10-r8_2_10_2.00,217.92,201.40,0.68
B-n63-k10-r8_3_10_0.50,211.89,201.40,0.75
B-n63-k10-r8_3_10_1.00,203.96,201.40,0.69
B-n63-k10-r8_3_10_2.00,213.98,201.40,0.70
B-n63-k10-r12_1_2_0.50,331.37,286.51,4.19
B-n63-k10-r12_1_2_1.00,354.16,288.16,1.14
B-n63-k10-r12_1_2_2.00,350.91,273.79,3.68
B-n63-k10-r12_2_2_0.50,318.52,281.26,5.61
B-n63-k10-r12_2_2_1.00,319.72,265.04,3.25
B-n63-k10-r12_2_2_2.00,319.39,266.12,3.55
B-n63-k10-r12_3_2_0.50,321.52,275.09,2.08
B-n63-k10-r12_3_2_1.00,304.67,264.86,5.39
B-n63-k10-r12_3_2_2.00,322.87,264.98,2.79
B-n63-k10-r12_1_3_0.50,254.25,236.33,1.99
B-n63-k10-r12_1_3_1.00,302.25,229.18,3.35
B-n63-k10-r12_1_3_2.00,310.18,216.64,2.92
B-n63-k10-r12_2_3_0.50,278.24,229.20,1.69
B-n63-k10-r12_2_3_1.00,282.89,218.34,1.81
B-n63-k10-r12_2_3_2.00,261.33,217.80,1.83
B-n63-k10-r12_3_3_0.50,293.25,224.30,2.10
B-n63-k10-r12_3_3_1.00,306.92,217.80,1.44
B-n63-k10-r12_3_3_2.00,293.46,216.64,4.89
B-n63-k10-r12_1_4_0.50,273.81,216.06,2.91
B-n63-k10-r12_1_4_1.00,227.87,209.92,2.48
B-n63-k10-r12_1_4_2.00,266.37,216.75,0.94
B-n63-k10-r12_2_4_0.50,246.74,222.32,1.54
B-n63-k10-r12_2_4_1.00,271.71,207.74,1.12
B-n63-k10-r12_2_4_2.00,268.82,207.74,1.17
B-n63-k10-r12_3_4_0.50,248.26,214.66,1.11
B-n63-k10-r12_3_4_1.00,247.87,214.35,1.14
B-n63-k10-r12_3_4_2.00,253.19,207.74,1.26
B-n63-k10-r12_1_10_0.50,221.58,207.71,0.80
B-n63-k10-r12_1_10_1.00,215.35,207.71,0.71
B-n63-k10-r12_1_10_2.00,208.86,207.71,0.68
B-n63-k10-r12_2_10_0.50,208.86,207.71,0.77
B-n63-k10-r12_2_10_1.00,208.60,207.71,0.69
B-n63-k10-r12_2_10_2.00,234.13,207.71,0.71
B-n63-k10-r12_3_10_0.50,254.61,207.71,0.85
B-n63-k10-r12_3_10_1.00,257.19,207.71,0.89
B-n63-k10-r12_3_10_2.00,208.69,207.71,0.72
B-n63-k10-r16_1_2_0.50,348.09,309.09,2.96
B-n63-k10-r16_1_2_1.00,311.20,291.66,3.16
B-n63-k10-r16_1_2_2.00,320.81,293.11,5.03
B-n63-k10-r16_2_2_0.50,336.82,302.61,0.84
B-n63-k10-r16_2_2_1.00,334.59,276.56,2.67
B-n63-k10-r16_2_2_2.00,321.66,240.17,2.27
B-n63-k10-r16_3_2_0.50,312.77,265.32,2.84
B-n63-k10-r16_3_2_1.00,302.97,240.70,3.48
B-n63-k10-r16_3_2_2.00,280.94,276.99,1.17
B-n63-k10-r16_1_3_0.50,305.09,245.20,3.56
B-n63-k10-r16_1_3_1.00,261.48,228.73,3.21
B-n63-k10-r16_1_3_2.00,252.83,218.31,3.65
B-n63-k10-r16_2_3_0.50,267.35,250.31,1.36
B-n63-k10-r16_2_3_1.00,264.06,222.35,2.97
B-n63-k10-r16_2_3_2.00,290.59,227.11,2.39
B-n63-k10-r16_3_3_0.50,294.79,252.28,3.09
B-n63-k10-r16_3_3_1.00,306.62,206.52,2.09
B-n63-k10-r16_3_3_2.00,287.23,206.52,2.07
B-n63-k10-r16_1_4_0.50,266.46,228.81,1.79
B-n63-k10-r16_1_4_1.00,271.47,217.97,2.46
B-n63-k10-r16_1_4_2.00,259.46,206.52,2.00
B-n63-k10-r16_2_4_0.50,270.37,214.73,1.96
B-n63-k10-r16_2_4_1.00,237.72,209.05,1.59
B-n63-k10-r16_2_4_2.00,280.13,190.16,1.59
B-n63-k10-r16_3_4_0.50,234.54,217.92,1.04
B-n63-k10-r16_3_4_1.00,285.90,212.68,1.14
B-n63-k10-r16_3_4_2.00,258.10,206.13,1.51
B-n63-k10-r16_1_10_0.50,223.55,208.20,1.00
B-n63-k10-r16_1_10_1.00,213.25,207.71,0.88
B-n63-k10-r16_1_10_2.00,216.63,187.04,0.93
B-n63-k10-r16_2_10_0.50,208.20,207.71,0.86
B-n63-k10-r16_2_10_1.00,208.69,188.78,0.96
B-n63-k10-r16_2_10_2.00,233.75,186.60,0.79
B-n63-k10-r16_3_10_0.50,209.53,207.71,0.93
B-n63-k10-r16_3_10_1.00,200.67,186.60,0.96
B-n63-k10-r16_3_10_2.00,199.51,186.60,0.76
B-n64-k9-r8_1_2_0.50,278.68,211.42,3.09
B-n64-k9-r8_1_2_1.00,256.45,223.86,2.99
B-n64-k9-r8_1_2_2.00,218.53,193.91,2.76
B-n64-k9-r8_2_2_0.50,265.20,193.91,2.47
B-n64-k9-r8_2_2_1.00,266.58,238.11,3.01
B-n64-k9-r8_2_2_2.00,229.95,193.90,2.77
B-n64-k9-r8_3_2_0.50,281.38,236.22,1.35
B-n64-k9-r8_3_2_1.00,241.46,193.95,1.93
B-n64-k9-r8_3_2_2.00,244.01,207.77,1.95
B-n64-k9-r8_1_3_0.50,208.23,157.75,3.50
B-n64-k9-r8_1_3_1.00,235.53,157.08,1.99
B-n64-k9-r8_1_3_2.00,191.35,154.92,2.33
B-n64-k9-r8_2_3_0.50,224.98,169.79,3.08
B-n64-k9-r8_2_3_1.00,199.37,153.66,3.07
B-n64-k9-r8_2_3_2.00,224.25,155.03,1.87
B-n64-k9-r8_3_3_0.50,193.19,193.19,0.94
B-n64-k9-r8_3_3_1.00,205.90,154.92,1.96
B-n64-k9-r8_3_3_2.00,205.79,154.92,1.67
B-n64-k9-r8_1_4_0.50,208.23,151.84,1.18
B-n64-k9-r8_1_4_1.00,193.82,151.84,1.42
B-n64-k9-r8_1_4_2.00,152.91,151.84,1.06
B-n64-k9-r8_2_4_0.50,202.15,151.84,1.08
B-n64-k9-r8_2_4_1.00,213.80,151.84,1.13
B-n64-k9-r8_2_4_2.00,169.70,151.84,0.93
B-n64-k9-r8_3_4_0.50,201.90,151.84,1.33
B-n64-k9-r8_3_4_1.00,188.85,151.84,1.41
B-n64-k9-r8_3_4_2.00,211.15,151.84,1.35
B-n64-k9-r8_1_9_0.50,151.84,150.57,1.26
B-n64-k9-r8_1_9_1.00,150.57,150.57,1.01
B-n64-k9-r8_1_9_2.00,151.84,151.84,0.96
B-n64-k9-r8_2_9_0.50,151.84,150.57,1.15
B-n64-k9-r8_2_9_1.00,151.07,150.57,0.82
B-n64-k9-r8_2_9_2.00,151.84,151.84,0.80
B-n64-k9-r8_3_9_0.50,151.84,150.57,1.47
B-n64-k9-r8_3_9_1.00,151.11,150.57,0.79
B-n64-k9-r8_3_9_2.00,151.84,151.84,0.72
B-n64-k9-r12_1_2_0.50,245.35,202.40,2.62
B-n64-k9-r12_1_2_1.00,234.86,198.58,2.12
B-n64-k9-r12_1_2_2.00,222.55,189.03,2.63
B-n64-k9-r12_2_2_0.50,223.92,205.21,2.05
B-n64-k9-r12_2_2_1.00,274.84,210.93,2.74
B-n64-k9-r12_2_2_2.00,271.84,186.60,1.81
B-n64-k9-r12_3_2_0.50,275.58,183.85,1.96
B-n64-k9-r12_3_2_1.00,272.63,189.03,2.35
B-n64-k9-r12_3_2_2.00,289.07,221.06,2.10
B-n64-k9-r12_1_3_0.50,206.07,179.52,1.93
B-n64-k9-r12_1_3_1.00,200.91,178.25,2.01
B-n64-k9-r12_1_3_2.00,204.63,182.86,0.94
B-n64-k9-r12_2_3_0.50,202.80,182.99,1.83
B-n64-k9-r12_2_3_1.00,224.72,143.81,4.25
B-n64-k9-r12_2_3_2.00,241.29,136.06,2.91
B-n64-k9-r12_3_3_0.50,208.04,149.21,2.36
B-n64-k9-r12_3_3_1.00,180.43,139.65,3.41
B-n64-k9-r12_3_3_2.00,191.56,138.52,2.67
B-n64-k9-r12_1_4_0.50,183.01,142.11,1.97
B-n64-k9-r12_1_4_1.00,168.84,138.52,0.95
B-n64-k9-r12_1_4_2.00,210.17,131.94,1.43
B-n64-k9-r12_2_4_0.50,202.15,138.52,1.10
B-n64-k9-r12_2_4_1.00,204.07,131.94,1.15
B-n64-k9-r12_2_4_2.00,187.06,131.94,2.24
B-n64-k9-r12_3_4_0.50,213.97,131.94,1.33
B-n64-k9-r12_3_4_1.00,208.52,131.94,1.85
B-n64-k9-r12_3_4_2.00,192.87,131.94,1.26
B-n64-k9-r12_1_9_0.50,150.57,142.11,1.39
B-n64-k9-r12_1_9_1.00,151.07,138.52,0.85
B-n64-k9-r12_1_9_2.00,163.44,131.94,0.92
B-n64-k9-r12_2_9_0.50,186.23,138.52,1.05
B-n64-k9-r12_2_9_1.00,156.35,131.94,0.81
B-n64-k9-r12_2_9_2.00,138.52,131.94,0.79
B-n64-k9-r12_3_9_0.50,138.52,131.94,0.77
B-n64-k9-r12_3_9_1.00,135.74,131.94,0.87
B-n64-k9-r12_3_9_2.00,170.02,131.94,0.73
B-n64-k9-r16_1_2_0.50,259.24,212.33,1.63
B-n64-k9-r16_1_2_1.00,253.51,216.57,2.10
B-n64-k9-r16_1_2_2.00,251.19,173.12,6.64
B-n64-k9-r16_2_2_0.50,245.91,202.53,4.18
B-n64-k9-r16_2_2_1.00,284.60,172.71,2.32
B-n64-k9-r16_2_2_2.00,274.28,165.62,1.68
B-n64-k9-r16_3_2_0.50,265.39,240.20,1.64
B-n64-k9-r16_3_2_1.00,275.31,199.05,1.90
B-n64-k9-r16_3_2_2.00,246.46,183.38,6.18
B-n64-k9-r16_1_3_0.50,218.72,180.96,3.53
B-n64-k9-r16_1_3_1.00,209.30,163.51,2.35
B-n64-k9-r16_1_3_2.00,187.48,136.51,3.98
B-n64-k9-r16_2_3_0.50,212.32,175.06,1.27
B-n64-k9-r16_2_3_1.00,202.02,138.67,1.74
B-n64-k9-r16_2_3_2.00,187.06,145.95,3.35
B-n64-k9-r16_3_3_0.50,201.44,163.34,1.20
B-n64-k9-r16_3_3_1.00,220.89,141.65,2.27
B-n64-k9-r16_3_3_2.00,151.84,141.39,2.53
B-n64-k9-r16_1_4_0.50,187.48,137.87,0.71
B-n64-k9-r16_1_4_1.00,194.33,133.78,1.10
B-n64-k9-r16_1_4_2.00,190.20,133.78,1.21
B-n64-k9-r16_2_4_0.50,193.64,135.56,2.01
B-n64-k9-r16_2_4_1.00,172.59,133.78,1.22
B-n64-k9-r16_2_4_2.00,189.64,133.78,1.00
B-n64-k9-r16_3_4_0.50,220.49,133.78,1.66
B-n64-k9-r16_3_4_1.00,186.02,133.78,1.00
B-n64-k9-r16_3_4_2.00,151.84,133.78,1.78
B-n64-k9-r16_1_9_0.50,151.93,137.87,0.88
B-n64-k9-r16_1_9_1.00,145.99,133.78,0.98
B-n64-k9-r16_1_9_2.00,181.14,133.78,0.99
B-n64-k9-r16_2_9_0.50,137.46,133.78,0.71
B-n64-k9-r16_2_9_1.00,187.90,133.78,0.95
B-n64-k9-r16_2_9_2.00,153.12,133.78,0.73
B-n64-k9-r16_3_9_0.50,133.78,133.78,0.68
B-n64-k9-r16_3_9_1.00,186.55,133.78,1.09
B-n64-k9-r16_3_9_2.00,176.59,133.78,2.53
B-n66-k9-r8_1_2_0.50,333.11,286.47,2.08
B-n66-k9-r8_1_2_1.00,352.49,262.64,3.09
B-n66-k9-r8_1_2_2.00,312.21,279.34,1.62
B-n66-k9-r8_2_2_0.50,332.48,288.21,3.54
B-n66-k9-r8_2_2_1.00,310.01,262.99,2.37
B-n66-k9-r8_2_2_2.00,340.94,269.32,1.79
B-n66-k9-r8_3_2_0.50,299.95,277.62,2.13
B-n66-k9-r8_3_2_1.00,332.35,277.08,2.19
B-n66-k9-r8_3_2_2.00,301.99,274.94,1.22
B-n66-k9-r8_1_3_0.50,288.33,231.27,3.50
B-n66-k9-r8_1_3_1.00,294.47,223.06,1.71
B-n66-k9-r8_1_3_2.00,258.83,225.90,1.97
B-n66-k9-r8_2_3_0.50,269.94,228.63,1.55
B-n66-k9-r8_2_3_1.00,277.16,257.02,0.92
B-n66-k9-r8_2_3_2.00,265.07,241.08,2.07
B-n66-k9-r8_3_3_0.50,267.67,231.27,1.26
B-n66-k9-r8_3_3_1.00,268.71,245.69,1.66
B-n66-k9-r8_3_3_2.00,276.80,230.59,5.47
B-n66-k9-r8_1_4_0.50,244.10,216.03,1.91
B-n66-k9-r8_1_4_1.00,243.83,216.60,0.77
B-n66-k9-r8_1_4_2.00,257.38,218.11,1.73
B-n66-k9-r8_2_4_0.50,245.58,218.11,0.75
B-n66-k9-r8_2_4_1.00,236.89,218.11,1.15
B-n66-k9-r8_2_4_2.00,247.54,223.06,0.81
B-n66-k9-r8_3_4_0.50,289.62,218.11,2.10
B-n66-k9-r8_3_4_1.00,241.43,223.06,0.72
B-n66-k9-r8_3_4_2.00,253.70,234.24,0.80
B-n66-k9-r8_1_9_0.50,203.50,199.53,0.68
B-n66-k9-r8_1_9_1.00,203.39,199.53,0.71
B-n66-k9-r8_1_9_2.00,199.53,199.53,0.69
B-n66-k9-r8_2_9_0.50,207.43,199.53,0.69
B-n66-k9-r8_2_9_1.00,206.34,199.53,0.69
B-n66-k9-r8_2_9_2.00,209.17,199.53,0.70
B-n66-k9-r8_3_9_0.50,212.73,199.53,0.73
B-n66-k9-r8_3_9_1.00,217.61,199.53,0.71
B-n66-k9-r8_3_9_2.00,205.76,199.53,0.73
B-n66-k9-r12_1_2_0.50,313.99,275.46,2.33
B-n66-k9-r12_1_2_1.00,312.99,276.49,2.23
B-n66-k9-r12_1_2_2.00,296.09,252.08,2.16
B-n66-k9-r12_2_2_0.50,307.63,276.43,1.42
B-n66-k9-r12_2_2_1.00,320.53,272.44,4.03
B-n66-k9-r12_2_2_2.00,353.86,265.60,1.56
B-n66-k9-r12_3_2_0.50,318.29,280.43,2.16
B-n66-k9-r12_3_2_1.00,308.55,257.86,2.39
B-n66-k9-r12_3_2_2.00,310.26,263.15,2.18
B-n66-k9-r12_1_3_0.50,310.69,251.92,2.39
B-n66-k9-r12_1_3_1.00,275.69,233.95,1.97
B-n66-k9-r12_1_3_2.00,239.94,222.72,1.10
B-n66-k9-r12_2_3_0.50,260.95,222.72,3.49
B-n66-k9-r12_2_3_1.00,297.27,239.49,2.08
B-n66-k9-r12_2_3_2.00,294.27,258.84,1.17
B-n66-k9-r12_3_3_0.50,276.88,222.72,1.80
B-n66-k9-r12_3_3_1.00,265.57,243.52,1.03
B-n66-k9-r12_3_3_2.00,271.68,244.23,1.11
B-n66-k9-r12_1_4_0.50,242.08,231.88,3.23
B-n66-k9-r12_1_4_1.00,235.51,222.72,1.00
B-n66-k9-r12_1_4_2.00,227.31,222.72,0.83
B-n66-k9-r12_2_4_0.50,265.49,214.06,1.01
B-n66-k9-r12_2_4_1.00,248.08,222.72,1.09
B-n66-k9-r12_2_4_2.00,245.80,209.76,1.24
